Workbook

Sheet TOTAL TEMPORADA 25-26
A2: TOTAL TEMPORADA | C2: 22
A3: PARTIDOS | C3: 9
B4: GANADOS | C4: 7
B5: PERDIDOS | C5: 1
B7: EMPATADOS | C7: 1 | E7: JUGADORES | O7: LANZAMIENTOS | AQ7: VALORACIÓN POSITVIA | AX7: VALORACION NEGATIVA | BE7: SANCIONES DISCIPLINARIAS
C8: =SUM(C4:C7) -> 9 | E8: Dorsal | F8: Nombre | G8: Posición | H8: Partidos Presente | I8: Faltas | J8: Tiempo Medio Jugado Minutos | K8: % SOBRE EL TOTAL | L8: Valoracion Cualitativa | N8: Valoración Cuantitativa | O8: TOTAL | R8: 9 metros | Y8: Extremo | AE8: 6 metros/Ctq | AK8: 7 metros | AQ8: POSITIVO | AR8: Asistencia/. Bloqueo | AS8: Fuerza 7M/2' | AT8: Recupera | AU8: Buena DEF | AV8: Blocaje | AW8: NEGATIVO | AX8: PASE | AY8: RECEPCION | AZ8: PASOS | BA8: DOBLES | BB8: PISAR | BC8: F. ATAQUE | BD8: FALLO DEF. | BE8: A | BF8: 2' | BG8: 2' | BH8: Ex. | BI8: D.
L9: DefeNsa | M9: Ataque | O9: % | P9: Lanz. | Q9: Gol | R9: % | S9: Lanz | T9: Gol | U9: Para | V9: Poste | W9: Fuera | X9: Bloq | Y9: % | Z9: Lanz | AA9: Gol | AB9: Parada | AC9: Poste | AD9: Fuera | AE9: % | AF9: Lanz | AG9: Gol | AH9: Parada | AI9: Poste | AJ9: Fuera | AK9: % | AL9: Lanz | AM9: Gol | AN9: Para | AO9: Poste | AP9: Fuera
F10: ALEJO | H10: 9 | I10: 0 | J10: =('J1'!I10+'J2'!I10+'J3'!I10+'J4'!I9+'J5'!I10+'J6'!I10+'J7'!I10+'J8'!I10+'J9'!I10+'J10'!I10++'J11'!I10+'J12'!I10+'J13'!I10+'J14'!I10+'J15'!I10+'J16'!I10+'J17'!I10+'J18'!I10+'J19'!I10+'J20'!I10+'J21'!I10+'J22'!I10)/H10 -> 33.666667 | K10: =J10/60 -> 0.56111111 | L10: =('J1'!J10+'J2'!J10+'J3'!J10+'J4'!J10+'J5'!J10+'J6'!J10+'J7'!J10+'J8'!J10+'J9'!J10+'J10'!J10++'J11'!J10+'J12'!J10+'J13'!J10+'J14'!J10+'J15'!J10+'J16'!J10+'J17'!J10+'J18'!J10+'J19'!J10+'J20'!J10+'J21'!J10+'J22'!J10)/$C$3 -> 0 | M10: =('J1'!K10+'J2'!K10+'J3'!K10+'J4'!K10+'J5'!K10+'J6'!K10+'J7'!K10+'J8'!K10+'J9'!K10+'J10'!K10++'J11'!K10+'J12'!K10+'J13'!K10+'J14'!K10+'J15'!K10+'J16'!K10+'J17'!K10+'J18'!K10+'J19'!K10+'J20'!K10+'J21'!K10+'J22'!K10)/$C$3 -> 0 | N10: =('J1'!L10+'J2'!L10+'J3'!L10+'J4'!L10+'J5'!L10+'J6'!L10+'J7'!L10+'J8'!L10+'J9'!L10+'J10'!L10+'J11'!L10+'J12'!L10+'J13'!L10+'J14'!L10+'J15'!L10+'J16'!L10+'J17'!L10+'J18'!L10+'J19'!L10+'J20'!L10+'J21'!L10+'J22'!L10)/$C$3 -> 1.2222222 | O10: =IFERROR(Q10/P10,"") -> 0.61333333 | P10: =SUM(T10:X10)+SUM(AG10:AJ10)+SUM(AM10:AP10)+SUM(AA10:AD10) -> 75 | Q10: =T10+AG10+AM10+AA10 -> 46 | R10: =IF(SUM(T10:X10)=0,"",T10/SUM(T10:X10)) -> 0.51851852 | S10: =SUM(T10:X10) -> 27 | T10: ='J1'!R10+'J2'!R10+'J3'!R10+'J4'!R10+'J5'!R10+'J6'!R10+'J7'!R10+'J8'!R10+'J9'!R10+'J10'!R10++'J11'!R10+'J12'!R10+'J13'!R10+'J14'!R10+'J15'!R10+'J16'!R10+'J17'!R10+'J18'!R10+'J19'!R10+'J20'!R10+'J21'!R10+'J22'!R10 -> 14 | U10: ='J1'!S10+'J2'!S10+'J3'!S10+'J4'!S10+'J5'!S10+'J6'!S10+'J7'!S10+'J8'!S10+'J9'!S10+'J10'!S10++'J11'!S10+'J12'!S10+'J13'!S10+'J14'!S10+'J15'!S10+'J16'!S10+'J17'!S10+'J18'!S10+'J19'!S10+'J20'!S10+'J21'!S10+'J22'!S10 -> 6 | V10: ='J1'!T10+'J2'!T10+'J3'!T10+'J4'!T10+'J5'!T10+'J6'!T10+'J7'!T10+'J8'!T10+'J9'!T10+'J10'!T10++'J11'!T10+'J12'!T10+'J13'!T10+'J14'!T10+'J15'!T10+'J16'!T10+'J17'!T10+'J18'!T10+'J19'!T10+'J20'!T10+'J21'!T10+'J22'!T10 -> 2 | W10: ='J1'!U10+'J2'!U10+'J3'!U10+'J4'!U10+'J5'!U10+'J6'!U10+'J7'!U10+'J8'!U10+'J9'!U10+'J10'!U10++'J11'!U10+'J12'!U10+'J13'!U10+'J14'!U10+'J15'!U10+'J16'!U10+'J17'!U10+'J18'!U10+'J19'!U10+'J20'!U10+'J21'!U10+'J22'!U10 -> 5 | X10: ='J1'!V10+'J2'!V10+'J3'!V10+'J4'!V10+'J5'!V10+'J6'!V10+'J7'!V10+'J8'!V10+'J9'!V10+'J10'!V10++'J11'!V10+'J12'!V10+'J13'!V10+'J14'!V10+'J15'!V10+'J16'!V10+'J17'!V10+'J18'!V10+'J19'!V10+'J20'!V10+'J21'!V10+'J22'!V10 -> 0 | Y10: =IFERROR(AA10/SUM(AA10:AD10), "") -> 0.55555556 | Z10: =SUM(AA10:AD10) -> 9 | AA10: ='J1'!Y10+'J2'!Y10+'J3'!Y10+'J4'!Y10+'J5'!Y10+'J6'!Y10+'J7'!Y10+'J8'!Y10+'J9'!Y10+'J10'!Y10++'J11'!Y10+'J12'!Y10+'J13'!Y10+'J14'!Y10+'J15'!Y10+'J16'!Y10+'J17'!Y10+'J18'!Y10+'J19'!Y10+'J20'!Y10+'J21'!Y10+'J22'!Y10 -> 5 | AB10: ='J1'!Z10+'J2'!Z10+'J3'!Z10+'J4'!Z10+'J5'!Z10+'J6'!Z10+'J7'!Z10+'J8'!Z10+'J9'!Z10+'J10'!Z10++'J11'!Z10+'J12'!Z10+'J13'!Z10+'J14'!Z10+'J15'!Z10+'J16'!Z10+'J17'!Z10+'J18'!Z10+'J19'!Z10+'J20'!Z10+'J21'!Z10+'J22'!Z10 -> 3 | AC10: ='J1'!AA10+'J2'!AA10+'J3'!AA10+'J4'!AA10+'J5'!AA10+'J6'!AA10+'J7'!AA10+'J8'!AA10+'J9'!AA10+'J10'!AA10++'J11'!AA10+'J12'!AA10+'J13'!AA10+'J14'!AA10+'J15'!AA10+'J16'!AA10+'J17'!AA10+'J18'!AA10+'J19'!AA10+'J20'!AA10+'J21'!AA10+'J22'!AA10 -> 0 | AD10: ='J1'!AB10+'J2'!AB10+'J3'!AB10+'J4'!AB10+'J5'!AB10+'J6'!AB10+'J7'!AB10+'J8'!AB10+'J9'!AB10+'J10'!AB10++'J11'!AB10+'J12'!AB10+'J13'!AB10+'J14'!AB10+'J15'!AB10+'J16'!AB10+'J17'!AB10+'J18'!AB10+'J19'!AB10+'J20'!AB10+'J21'!AB10+'J22'!AB10 -> 1 | AE10: =IFERROR(AG10/SUM(AG10:AJ10), "") -> 0.69444444 | AF10: =SUM(AG10:AJ10) -> 36 | AG10: ='J1'!AE10+'J2'!AE10+'J3'!AE10+'J4'!AE10+'J5'!AE10+'J6'!AE10+'J7'!AE10+'J8'!AE10+'J9'!AE10+'J10'!AE10++'J11'!AE10+'J12'!AE10+'J13'!AE10+'J14'!AE10+'J15'!AE10+'J16'!AE10+'J17'!AE10+'J18'!AE10+'J19'!AE10+'J20'!AE10+'J21'!AE10+'J22'!AE10 -> 25 | AH10: ='J1'!AF10+'J2'!AF10+'J3'!AF10+'J4'!AF10+'J5'!AF10+'J6'!AF10+'J7'!AF10+'J8'!AF10+'J9'!AF10+'J10'!AF10++'J11'!AF10+'J12'!AF10+'J13'!AF10+'J14'!AF10+'J15'!AF10+'J16'!AF10+'J17'!AF10+'J18'!AF10+'J19'!AF10+'J20'!AF10+'J21'!AF10+'J22'!AF10 -> 4 | AI10: ='J1'!AG10+'J2'!AG10+'J3'!AG10+'J4'!AG10+'J5'!AG10+'J6'!AG10+'J7'!AG10+'J8'!AG10+'J9'!AG10+'J10'!AG10++'J11'!AG10+'J12'!AG10+'J13'!AG10+'J14'!AG10+'J15'!AG10+'J16'!AG10+'J17'!AG10+'J18'!AG10+'J19'!AG10+'J20'!AG10+'J21'!AG10+'J22'!AG10 -> 2 | AJ10: ='J1'!AH10+'J2'!AH10+'J3'!AH10+'J4'!AH10+'J5'!AH10+'J6'!AH10+'J7'!AH10+'J8'!AH10+'J9'!AH10+'J10'!AH10++'J11'!AH10+'J12'!AH10+'J13'!AH10+'J14'!AH10+'J15'!AH10+'J16'!AH10+'J17'!AH10+'J18'!AH10+'J19'!AH10+'J20'!AH10+'J21'!AH10+'J22'!AH10 -> 5 | AK10: =IFERROR(AM10/SUM(AM10:AP10), "") -> 0.66666667 | AL10: =SUM(AM10:AP10) -> 3 | AM10: ='J1'!AK10+'J2'!AK10+'J3'!AK10+'J4'!AK10+'J5'!AK10+'J6'!AK10+'J7'!AK10+'J8'!AK10+'J9'!AK10+'J10'!AK10++'J11'!AK10+'J12'!AK10+'J13'!AK10+'J14'!AK10+'J15'!AK10+'J16'!AK10+'J17'!AK10+'J18'!AK10+'J19'!AK10+'J20'!AK10+'J21'!AK10+'J22'!AK10 -> 2 | AN10: ='J1'!AL10+'J2'!AL10+'J3'!AL10+'J4'!AL10+'J5'!AL10+'J6'!AL10+'J7'!AL10+'J8'!AL10+'J9'!AL10+'J10'!AL10++'J11'!AL10+'J12'!AL10+'J13'!AL10+'J14'!AL10+'J15'!AL10+'J16'!AL10+'J17'!AL10+'J18'!AL10+'J19'!AL10+'J20'!AL10+'J21'!AL10+'J22'!AL10 -> 1 | AO10: ='J1'!AM10+'J2'!AM10+'J3'!AM10+'J4'!AM10+'J5'!AM10+'J6'!AM10+'J7'!AM10+'J8'!AM10+'J9'!AM10+'J10'!AM10++'J11'!AM10+'J12'!AM10+'J13'!AM10+'J14'!AM10+'J15'!AM10+'J16'!AM10+'J17'!AM10+'J18'!AM10+'J19'!AM10+'J20'!AM10+'J21'!AM10+'J22'!AM10 -> 0 | AP10: ='J1'!AN10+'J2'!AN10+'J3'!AN10+'J4'!AN10+'J5'!AN10+'J6'!AN10+'J7'!AN10+'J8'!AN10+'J9'!AN10+'J10'!AN10++'J11'!AN10+'J12'!AN10+'J13'!AN10+'J14'!AN10+'J15'!AN10+'J16'!AN10+'J17'!AN10+'J18'!AN10+'J19'!AN10+'J20'!AN10+'J21'!AN10+'J22'!AN10 -> 0 | AQ10: =AR10+AS10+AT10+0.5*AU10+0.5*AV10 -> 8.5 | AR10: ='J1'!AP10+'J2'!AP10+'J3'!AP10+'J4'!AP10+'J5'!AP10+'J6'!AP10+'J7'!AP10+'J8'!AP10+'J9'!AP10+'J10'!AP10++'J11'!AP10+'J12'!AP10+'J13'!AP10+'J14'!AP10+'J15'!AP10+'J16'!AP10+'J17'!AP10+'J18'!AP10+'J19'!AP10+'J20'!AP10+'J21'!AP10+'J22'!AP10 -> 0 | AS10: ='J1'!AQ10+'J2'!AQ10+'J3'!AQ10+'J4'!AQ10+'J5'!AQ10+'J6'!AQ10+'J7'!AQ10+'J8'!AQ10+'J9'!AQ10+'J10'!AQ10++'J11'!AQ10+'J12'!AQ10+'J13'!AQ10+'J14'!AQ10+'J15'!AQ10+'J16'!AQ10+'J17'!AQ10+'J18'!AQ10+'J19'!AQ10+'J20'!AQ10+'J21'!AQ10+'J22'!AQ10 -> 0 | AT10: ='J1'!AR10+'J2'!AR10+'J3'!AR10+'J4'!AR10+'J5'!AR10+'J6'!AR10+'J7'!AR10+'J8'!AR10+'J9'!AR10+'J10'!AR10++'J11'!AR10+'J12'!AR10+'J13'!AR10+'J14'!AR10+'J15'!AR10+'J16'!AR10+'J17'!AR10+'J18'!AR10+'J19'!AR10+'J20'!AR10+'J21'!AR10+'J22'!AR10 -> 8 | AU10: ='J1'!AS10+'J2'!AS10+'J3'!AS10+'J4'!AS10+'J5'!AS10+'J6'!AS10+'J7'!AS10+'J8'!AS10+'J9'!AS10+'J10'!AS10++'J11'!AS10+'J12'!AS10+'J13'!AS10+'J14'!AS10+'J15'!AS10+'J16'!AS10+'J17'!AS10+'J18'!AS10+'J19'!AS10+'J20'!AS10+'J21'!AS10+'J22'!AS10 -> 0 | AV10: ='J1'!AT10+'J2'!AT10+'J3'!AT10+'J4'!AT10+'J5'!AT10+'J6'!AT10+'J7'!AT10+'J8'!AT10+'J9'!AT10+'J10'!AT10++'J11'!AT10+'J12'!AT10+'J13'!AT10+'J14'!AT10+'J15'!AT10+'J16'!AT10+'J17'!AT10+'J18'!AT10+'J19'!AT10+'J20'!AT10+'J21'!AT10+'J22'!AT10 -> 1 | AW10: =AX10+AY10+AZ10+BA10+BB10+BC10+BD10+0.5*BE10+BF10+BG10+2*BH10+2*BI10 -> 10 | AX10: ='J1'!AV10+'J2'!AV10+'J3'!AV10+'J4'!AV10+'J5'!AV10+'J6'!AV10+'J7'!AV10+'J8'!AV10+'J9'!AV10+'J10'!AV10++'J11'!AV10+'J12'!AV10+'J13'!AV10+'J14'!AV10+'J15'!AV10+'J16'!AV10+'J17'!AV10+'J18'!AV10+'J19'!AV10+'J20'!AV10+'J21'!AV10+'J22'!AV10 -> 6 | AY10: ='J1'!AW10+'J2'!AW10+'J3'!AW10+'J4'!AW10+'J5'!AW10+'J6'!AW10+'J7'!AW10+'J8'!AW10+'J9'!AW10+'J10'!AW10++'J11'!AW10+'J12'!AW10+'J13'!AW10+'J14'!AW10+'J15'!AW10+'J16'!AW10+'J17'!AW10+'J18'!AW10+'J19'!AW10+'J20'!AW10+'J21'!AW10+'J22'!AW10 -> 0 | AZ10: ='J1'!AX10+'J2'!AX10+'J3'!AX10+'J4'!AX10+'J5'!AX10+'J6'!AX10+'J7'!AX10+'J8'!AX10+'J9'!AX10+'J10'!AX10++'J11'!AX10+'J12'!AX10+'J13'!AX10+'J14'!AX10+'J15'!AX10+'J16'!AX10+'J17'!AX10+'J18'!AX10+'J19'!AX10+'J20'!AX10+'J21'!AX10+'J22'!AX10 -> 2 | BA10: ='J1'!AY10+'J2'!AY10+'J3'!AY10+'J4'!AY10+'J5'!AY10+'J6'!AY10+'J7'!AY10+'J8'!AY10+'J9'!AY10+'J10'!AY10++'J11'!AY10+'J12'!AY10+'J13'!AY10+'J14'!AY10+'J15'!AY10+'J16'!AY10+'J17'!AY10+'J18'!AY10+'J19'!AY10+'J20'!AY10+'J21'!AY10+'J22'!AY10 -> 1 | BB10: ='J1'!AZ10+'J2'!AZ10+'J3'!AZ10+'J4'!AZ10+'J5'!AZ10+'J6'!AZ10+'J7'!AZ10+'J8'!AZ10+'J9'!AZ10+'J10'!AZ10++'J11'!AZ10+'J12'!AZ10+'J13'!AZ10+'J14'!AZ10+'J15'!AZ10+'J16'!AZ10+'J17'!AZ10+'J18'!AZ10+'J19'!AZ10+'J20'!AZ10+'J21'!AZ10+'J22'!AZ10 -> 0 | BC10: ='J1'!BA10+'J2'!BA10+'J3'!BA10+'J4'!BA10+'J5'!BA10+'J6'!BA10+'J7'!BA10+'J8'!BA10+'J9'!BA10+'J10'!BA10++'J11'!BA10+'J12'!BA10+'J13'!BA10+'J14'!BA10+'J15'!BA10+'J16'!BA10+'J17'!BA10+'J18'!BA10+'J19'!BA10+'J20'!BA10+'J21'!BA10+'J22'!BA10 -> 0 | BD10: ='J1'!BB10+'J2'!BB10+'J3'!BB10+'J4'!BB10+'J5'!BB10+'J6'!BB10+'J7'!BB10+'J8'!BB10+'J9'!BB10+'J10'!BB10++'J11'!BB10+'J12'!BB10+'J13'!BB10+'J14'!BB10+'J15'!BB10+'J16'!BB10+'J17'!BB10+'J18'!BB10+'J19'!BB10+'J20'!BB10+'J21'!BB10+'J22'!BB10 -> 0 | BE10: ='J1'!BC10+'J2'!BC10+'J3'!BC10+'J4'!BC10+'J5'!BC10+'J6'!BC10+'J7'!BC10+'J8'!BC10+'J9'!BC10+'J10'!BC10++'J11'!BC10+'J12'!BC10+'J13'!BC10+'J14'!BC10+'J15'!BC10+'J16'!BC10+'J17'!BC10+'J18'!BC10+'J19'!BC10+'J20'!BC10+'J21'!BC10+'J22'!BC10 -> 0 | ... BI10: ='J1'!BG10+'J2'!BG10+'J3'!BG10+'J4'!BG10+'J5'!BG10+'J6'!BG10+'J7'!BG10+'J8'!BG10+'J9'!BG10+'J10'!BG10++'J11'!BG10+'J12'!BG10+'J13'!BG10+'J14'!BG10+'J15'!BG10+'J16'!BG10+'J17'!BG10+'J18'!BG10+'J19'!BG10+'J20'!BG10+'J21'!BG10+'J22'!BG10 -> 0
F11: CHRISTIAN | H11: 7 | I11: 2 | J11: =('J1'!I11+'J2'!I11+'J3'!I11+'J4'!I10+'J5'!I11+'J6'!I11+'J7'!I11+'J8'!I11+'J9'!I11+'J10'!I11++'J11'!I11+'J12'!I11+'J13'!I11+'J14'!I11+'J15'!I11+'J16'!I11+'J17'!I11+'J18'!I11+'J19'!I11+'J20'!I11+'J21'!I11+'J22'!I11)/H11 -> 35.857143 | K11: =J11/60 -> 0.59761905 | L11: =('J1'!J11+'J2'!J11+'J3'!J11+'J4'!J11+'J5'!J11+'J6'!J11+'J7'!J11+'J8'!J11+'J9'!J11+'J10'!J11++'J11'!J11+'J12'!J11+'J13'!J11+'J14'!J11+'J15'!J11+'J16'!J11+'J17'!J11+'J18'!J11+'J19'!J11+'J20'!J11+'J21'!J11+'J22'!J11)/$C$3 -> 0 | M11: =('J1'!K11+'J2'!K11+'J3'!K11+'J4'!K11+'J5'!K11+'J6'!K11+'J7'!K11+'J8'!K11+'J9'!K11+'J10'!K11++'J11'!K11+'J12'!K11+'J13'!K11+'J14'!K11+'J15'!K11+'J16'!K11+'J17'!K11+'J18'!K11+'J19'!K11+'J20'!K11+'J21'!K11+'J22'!K11)/$C$3 -> 0 | N11: =('J1'!L11+'J2'!L11+'J3'!L11+'J4'!L11+'J5'!L11+'J6'!L11+'J7'!L11+'J8'!L11+'J9'!L11+'J10'!L11+'J11'!L11+'J12'!L11+'J13'!L11+'J14'!L11+'J15'!L11+'J16'!L11+'J17'!L11+'J18'!L11+'J19'!L11+'J20'!L11+'J21'!L11+'J22'!L11)/$C$3 -> 0.55555556 | O11: =IFERROR(Q11/P11,"") -> 0.65384615 | P11: =SUM(T11:X11)+SUM(AG11:AJ11)+SUM(AM11:AP11)+SUM(AA11:AD11) -> 26 | Q11: =T11+AG11+AM11+AA11 -> 17 | R11: =IF(SUM(T11:X11)=0,"",T11/SUM(T11:X11)) | S11: =SUM(T11:X11) -> 0 | T11: ='J1'!R11+'J2'!R11+'J3'!R11+'J4'!R11+'J5'!R11+'J6'!R11+'J7'!R11+'J8'!R11+'J9'!R11+'J10'!R11++'J11'!R11+'J12'!R11+'J13'!R11+'J14'!R11+'J15'!R11+'J16'!R11+'J17'!R11+'J18'!R11+'J19'!R11+'J20'!R11+'J21'!R11+'J22'!R11 -> 0 | U11: ='J1'!S11+'J2'!S11+'J3'!S11+'J4'!S11+'J5'!S11+'J6'!S11+'J7'!S11+'J8'!S11+'J9'!S11+'J10'!S11++'J11'!S11+'J12'!S11+'J13'!S11+'J14'!S11+'J15'!S11+'J16'!S11+'J17'!S11+'J18'!S11+'J19'!S11+'J20'!S11+'J21'!S11+'J22'!S11 -> 0 | V11: ='J1'!T11+'J2'!T11+'J3'!T11+'J4'!T11+'J5'!T11+'J6'!T11+'J7'!T11+'J8'!T11+'J9'!T11+'J10'!T11++'J11'!T11+'J12'!T11+'J13'!T11+'J14'!T11+'J15'!T11+'J16'!T11+'J17'!T11+'J18'!T11+'J19'!T11+'J20'!T11+'J21'!T11+'J22'!T11 -> 0 | W11: ='J1'!U11+'J2'!U11+'J3'!U11+'J4'!U11+'J5'!U11+'J6'!U11+'J7'!U11+'J8'!U11+'J9'!U11+'J10'!U11++'J11'!U11+'J12'!U11+'J13'!U11+'J14'!U11+'J15'!U11+'J16'!U11+'J17'!U11+'J18'!U11+'J19'!U11+'J20'!U11+'J21'!U11+'J22'!U11 -> 0 | X11: ='J1'!V11+'J2'!V11+'J3'!V11+'J4'!V11+'J5'!V11+'J6'!V11+'J7'!V11+'J8'!V11+'J9'!V11+'J10'!V11++'J11'!V11+'J12'!V11+'J13'!V11+'J14'!V11+'J15'!V11+'J16'!V11+'J17'!V11+'J18'!V11+'J19'!V11+'J20'!V11+'J21'!V11+'J22'!V11 -> 0 | Y11: =IFERROR(AA11/SUM(AA11:AD11), "") -> 0.625 | Z11: =SUM(AA11:AD11) -> 24 | AA11: ='J1'!Y11+'J2'!Y11+'J3'!Y11+'J4'!Y11+'J5'!Y11+'J6'!Y11+'J7'!Y11+'J8'!Y11+'J9'!Y11+'J10'!Y11++'J11'!Y11+'J12'!Y11+'J13'!Y11+'J14'!Y11+'J15'!Y11+'J16'!Y11+'J17'!Y11+'J18'!Y11+'J19'!Y11+'J20'!Y11+'J21'!Y11+'J22'!Y11 -> 15 | AB11: ='J1'!Z11+'J2'!Z11+'J3'!Z11+'J4'!Z11+'J5'!Z11+'J6'!Z11+'J7'!Z11+'J8'!Z11+'J9'!Z11+'J10'!Z11++'J11'!Z11+'J12'!Z11+'J13'!Z11+'J14'!Z11+'J15'!Z11+'J16'!Z11+'J17'!Z11+'J18'!Z11+'J19'!Z11+'J20'!Z11+'J21'!Z11+'J22'!Z11 -> 7 | AC11: ='J1'!AA11+'J2'!AA11+'J3'!AA11+'J4'!AA11+'J5'!AA11+'J6'!AA11+'J7'!AA11+'J8'!AA11+'J9'!AA11+'J10'!AA11++'J11'!AA11+'J12'!AA11+'J13'!AA11+'J14'!AA11+'J15'!AA11+'J16'!AA11+'J17'!AA11+'J18'!AA11+'J19'!AA11+'J20'!AA11+'J21'!AA11+'J22'!AA11 -> 2 | AD11: ='J1'!AB11+'J2'!AB11+'J3'!AB11+'J4'!AB11+'J5'!AB11+'J6'!AB11+'J7'!AB11+'J8'!AB11+'J9'!AB11+'J10'!AB11++'J11'!AB11+'J12'!AB11+'J13'!AB11+'J14'!AB11+'J15'!AB11+'J16'!AB11+'J17'!AB11+'J18'!AB11+'J19'!AB11+'J20'!AB11+'J21'!AB11+'J22'!AB11 -> 0 | AE11: =IFERROR(AG11/SUM(AG11:AJ11), "") -> 1 | AF11: =SUM(AG11:AJ11) -> 2 | AG11: ='J1'!AE11+'J2'!AE11+'J3'!AE11+'J4'!AE11+'J5'!AE11+'J6'!AE11+'J7'!AE11+'J8'!AE11+'J9'!AE11+'J10'!AE11++'J11'!AE11+'J12'!AE11+'J13'!AE11+'J14'!AE11+'J15'!AE11+'J16'!AE11+'J17'!AE11+'J18'!AE11+'J19'!AE11+'J20'!AE11+'J21'!AE11+'J22'!AE11 -> 2 | AH11: ='J1'!AF11+'J2'!AF11+'J3'!AF11+'J4'!AF11+'J5'!AF11+'J6'!AF11+'J7'!AF11+'J8'!AF11+'J9'!AF11+'J10'!AF11++'J11'!AF11+'J12'!AF11+'J13'!AF11+'J14'!AF11+'J15'!AF11+'J16'!AF11+'J17'!AF11+'J18'!AF11+'J19'!AF11+'J20'!AF11+'J21'!AF11+'J22'!AF11 -> 0 | AI11: ='J1'!AG11+'J2'!AG11+'J3'!AG11+'J4'!AG11+'J5'!AG11+'J6'!AG11+'J7'!AG11+'J8'!AG11+'J9'!AG11+'J10'!AG11++'J11'!AG11+'J12'!AG11+'J13'!AG11+'J14'!AG11+'J15'!AG11+'J16'!AG11+'J17'!AG11+'J18'!AG11+'J19'!AG11+'J20'!AG11+'J21'!AG11+'J22'!AG11 -> 0 | AJ11: ='J1'!AH11+'J2'!AH11+'J3'!AH11+'J4'!AH11+'J5'!AH11+'J6'!AH11+'J7'!AH11+'J8'!AH11+'J9'!AH11+'J10'!AH11++'J11'!AH11+'J12'!AH11+'J13'!AH11+'J14'!AH11+'J15'!AH11+'J16'!AH11+'J17'!AH11+'J18'!AH11+'J19'!AH11+'J20'!AH11+'J21'!AH11+'J22'!AH11 -> 0 | AK11: =IFERROR(AM11/SUM(AM11:AP11), "") | AL11: =SUM(AM11:AP11) -> 0 | AM11: ='J1'!AK11+'J2'!AK11+'J3'!AK11+'J4'!AK11+'J5'!AK11+'J6'!AK11+'J7'!AK11+'J8'!AK11+'J9'!AK11+'J10'!AK11++'J11'!AK11+'J12'!AK11+'J13'!AK11+'J14'!AK11+'J15'!AK11+'J16'!AK11+'J17'!AK11+'J18'!AK11+'J19'!AK11+'J20'!AK11+'J21'!AK11+'J22'!AK11 -> 0 | AN11: ='J1'!AL11+'J2'!AL11+'J3'!AL11+'J4'!AL11+'J5'!AL11+'J6'!AL11+'J7'!AL11+'J8'!AL11+'J9'!AL11+'J10'!AL11++'J11'!AL11+'J12'!AL11+'J13'!AL11+'J14'!AL11+'J15'!AL11+'J16'!AL11+'J17'!AL11+'J18'!AL11+'J19'!AL11+'J20'!AL11+'J21'!AL11+'J22'!AL11 -> 0 | AO11: ='J1'!AM11+'J2'!AM11+'J3'!AM11+'J4'!AM11+'J5'!AM11+'J6'!AM11+'J7'!AM11+'J8'!AM11+'J9'!AM11+'J10'!AM11++'J11'!AM11+'J12'!AM11+'J13'!AM11+'J14'!AM11+'J15'!AM11+'J16'!AM11+'J17'!AM11+'J18'!AM11+'J19'!AM11+'J20'!AM11+'J21'!AM11+'J22'!AM11 -> 0 | AP11: ='J1'!AN11+'J2'!AN11+'J3'!AN11+'J4'!AN11+'J5'!AN11+'J6'!AN11+'J7'!AN11+'J8'!AN11+'J9'!AN11+'J10'!AN11++'J11'!AN11+'J12'!AN11+'J13'!AN11+'J14'!AN11+'J15'!AN11+'J16'!AN11+'J17'!AN11+'J18'!AN11+'J19'!AN11+'J20'!AN11+'J21'!AN11+'J22'!AN11 -> 0 | AQ11: =SUM(AR11:AV11) -> 1 | AR11: ='J1'!AP11+'J2'!AP11+'J3'!AP11+'J4'!AP11+'J5'!AP11+'J6'!AP11+'J7'!AP11+'J8'!AP11+'J9'!AP11+'J10'!AP11++'J11'!AP11+'J12'!AP11+'J13'!AP11+'J14'!AP11+'J15'!AP11+'J16'!AP11+'J17'!AP11+'J18'!AP11+'J19'!AP11+'J20'!AP11+'J21'!AP11+'J22'!AP11 -> 0 | AS11: ='J1'!AQ11+'J2'!AQ11+'J3'!AQ11+'J4'!AQ11+'J5'!AQ11+'J6'!AQ11+'J7'!AQ11+'J8'!AQ11+'J9'!AQ11+'J10'!AQ11++'J11'!AQ11+'J12'!AQ11+'J13'!AQ11+'J14'!AQ11+'J15'!AQ11+'J16'!AQ11+'J17'!AQ11+'J18'!AQ11+'J19'!AQ11+'J20'!AQ11+'J21'!AQ11+'J22'!AQ11 -> 0 | AT11: ='J1'!AR11+'J2'!AR11+'J3'!AR11+'J4'!AR11+'J5'!AR11+'J6'!AR11+'J7'!AR11+'J8'!AR11+'J9'!AR11+'J10'!AR11++'J11'!AR11+'J12'!AR11+'J13'!AR11+'J14'!AR11+'J15'!AR11+'J16'!AR11+'J17'!AR11+'J18'!AR11+'J19'!AR11+'J20'!AR11+'J21'!AR11+'J22'!AR11 -> 1 | AU11: ='J1'!AS11+'J2'!AS11+'J3'!AS11+'J4'!AS11+'J5'!AS11+'J6'!AS11+'J7'!AS11+'J8'!AS11+'J9'!AS11+'J10'!AS11++'J11'!AS11+'J12'!AS11+'J13'!AS11+'J14'!AS11+'J15'!AS11+'J16'!AS11+'J17'!AS11+'J18'!AS11+'J19'!AS11+'J20'!AS11+'J21'!AS11+'J22'!AS11 -> 0 | AV11: ='J1'!AT11+'J2'!AT11+'J3'!AT11+'J4'!AT11+'J5'!AT11+'J6'!AT11+'J7'!AT11+'J8'!AT11+'J9'!AT11+'J10'!AT11++'J11'!AT11+'J12'!AT11+'J13'!AT11+'J14'!AT11+'J15'!AT11+'J16'!AT11+'J17'!AT11+'J18'!AT11+'J19'!AT11+'J20'!AT11+'J21'!AT11+'J22'!AT11 -> 0 | AW11: =AX11+AY11+AZ11+BA11+BB11+BC11+BD11+0.5*BE11+BF11+BG11+2*BH11+2*BI11 -> 3 | AX11: ='J1'!AV11+'J2'!AV11+'J3'!AV11+'J4'!AV11+'J5'!AV11+'J6'!AV11+'J7'!AV11+'J8'!AV11+'J9'!AV11+'J10'!AV11++'J11'!AV11+'J12'!AV11+'J13'!AV11+'J14'!AV11+'J15'!AV11+'J16'!AV11+'J17'!AV11+'J18'!AV11+'J19'!AV11+'J20'!AV11+'J21'!AV11+'J22'!AV11 -> 1 | AY11: ='J1'!AW11+'J2'!AW11+'J3'!AW11+'J4'!AW11+'J5'!AW11+'J6'!AW11+'J7'!AW11+'J8'!AW11+'J9'!AW11+'J10'!AW11++'J11'!AW11+'J12'!AW11+'J13'!AW11+'J14'!AW11+'J15'!AW11+'J16'!AW11+'J17'!AW11+'J18'!AW11+'J19'!AW11+'J20'!AW11+'J21'!AW11+'J22'!AW11 -> 2 | AZ11: ='J1'!AX11+'J2'!AX11+'J3'!AX11+'J4'!AX11+'J5'!AX11+'J6'!AX11+'J7'!AX11+'J8'!AX11+'J9'!AX11+'J10'!AX11++'J11'!AX11+'J12'!AX11+'J13'!AX11+'J14'!AX11+'J15'!AX11+'J16'!AX11+'J17'!AX11+'J18'!AX11+'J19'!AX11+'J20'!AX11+'J21'!AX11+'J22'!AX11 -> 0 | BA11: ='J1'!AY11+'J2'!AY11+'J3'!AY11+'J4'!AY11+'J5'!AY11+'J6'!AY11+'J7'!AY11+'J8'!AY11+'J9'!AY11+'J10'!AY11++'J11'!AY11+'J12'!AY11+'J13'!AY11+'J14'!AY11+'J15'!AY11+'J16'!AY11+'J17'!AY11+'J18'!AY11+'J19'!AY11+'J20'!AY11+'J21'!AY11+'J22'!AY11 -> 0 | BB11: ='J1'!AZ11+'J2'!AZ11+'J3'!AZ11+'J4'!AZ11+'J5'!AZ11+'J6'!AZ11+'J7'!AZ11+'J8'!AZ11+'J9'!AZ11+'J10'!AZ11++'J11'!AZ11+'J12'!AZ11+'J13'!AZ11+'J14'!AZ11+'J15'!AZ11+'J16'!AZ11+'J17'!AZ11+'J18'!AZ11+'J19'!AZ11+'J20'!AZ11+'J21'!AZ11+'J22'!AZ11 -> 0 | BC11: ='J1'!BA11+'J2'!BA11+'J3'!BA11+'J4'!BA11+'J5'!BA11+'J6'!BA11+'J7'!BA11+'J8'!BA11+'J9'!BA11+'J10'!BA11++'J11'!BA11+'J12'!BA11+'J13'!BA11+'J14'!BA11+'J15'!BA11+'J16'!BA11+'J17'!BA11+'J18'!BA11+'J19'!BA11+'J20'!BA11+'J21'!BA11+'J22'!BA11 -> 0 | BD11: ='J1'!BB11+'J2'!BB11+'J3'!BB11+'J4'!BB11+'J5'!BB11+'J6'!BB11+'J7'!BB11+'J8'!BB11+'J9'!BB11+'J10'!BB11++'J11'!BB11+'J12'!BB11+'J13'!BB11+'J14'!BB11+'J15'!BB11+'J16'!BB11+'J17'!BB11+'J18'!BB11+'J19'!BB11+'J20'!BB11+'J21'!BB11+'J22'!BB11 -> 0 | BE11: ='J1'!BC11+'J2'!BC11+'J3'!BC11+'J4'!BC11+'J5'!BC11+'J6'!BC11+'J7'!BC11+'J8'!BC11+'J9'!BC11+'J10'!BC11++'J11'!BC11+'J12'!BC11+'J13'!BC11+'J14'!BC11+'J15'!BC11+'J16'!BC11+'J17'!BC11+'J18'!BC11+'J19'!BC11+'J20'!BC11+'J21'!BC11+'J22'!BC11 -> 0 | ... BI11: ='J1'!BG11+'J2'!BG11+'J3'!BG11+'J4'!BG11+'J5'!BG11+'J6'!BG11+'J7'!BG11+'J8'!BG11+'J9'!BG11+'J10'!BG11++'J11'!BG11+'J12'!BG11+'J13'!BG11+'J14'!BG11+'J15'!BG11+'J16'!BG11+'J17'!BG11+'J18'!BG11+'J19'!BG11+'J20'!BG11+'J21'!BG11+'J22'!BG11 -> 0
F12: DIEGO | H12: 9 | I12: 0 | J12: =('J1'!I12+'J2'!I12+'J3'!I12+'J4'!I11+'J5'!I12+'J6'!I12+'J7'!I12+'J8'!I12+'J9'!I12+'J10'!I12++'J11'!I12+'J12'!I12+'J13'!I12+'J14'!I12+'J15'!I12+'J16'!I12+'J17'!I12+'J18'!I12+'J19'!I12+'J20'!I12+'J21'!I12+'J22'!I12)/H12 -> 33.333333 | K12: =J12/60 -> 0.55555556 | L12: =('J1'!J12+'J2'!J12+'J3'!J12+'J4'!J12+'J5'!J12+'J6'!J12+'J7'!J12+'J8'!J12+'J9'!J12+'J10'!J12++'J11'!J12+'J12'!J12+'J13'!J12+'J14'!J12+'J15'!J12+'J16'!J12+'J17'!J12+'J18'!J12+'J19'!J12+'J20'!J12+'J21'!J12+'J22'!J12)/$C$3 -> 0 | M12: =('J1'!K12+'J2'!K12+'J3'!K12+'J4'!K12+'J5'!K12+'J6'!K12+'J7'!K12+'J8'!K12+'J9'!K12+'J10'!K12++'J11'!K12+'J12'!K12+'J13'!K12+'J14'!K12+'J15'!K12+'J16'!K12+'J17'!K12+'J18'!K12+'J19'!K12+'J20'!K12+'J21'!K12+'J22'!K12)/$C$3 -> 0 | N12: =('J1'!L12+'J2'!L12+'J3'!L12+'J4'!L12+'J5'!L12+'J6'!L12+'J7'!L12+'J8'!L12+'J9'!L12+'J10'!L12+'J11'!L12+'J12'!L12+'J13'!L12+'J14'!L12+'J15'!L12+'J16'!L12+'J17'!L12+'J18'!L12+'J19'!L12+'J20'!L12+'J21'!L12+'J22'!L12)/$C$3 -> -1.8333333 | O12: =IFERROR(Q12/P12,"") -> 0.51162791 | P12: =SUM(T12:X12)+SUM(AG12:AJ12)+SUM(AM12:AP12)+SUM(AA12:AD12) -> 43 | Q12: =T12+AG12+AM12+AA12 -> 22 | R12: =IF(SUM(T12:X12)=0,"",T12/SUM(T12:X12)) -> 1 | S12: =SUM(T12:X12) -> 1 | T12: ='J1'!R12+'J2'!R12+'J3'!R12+'J4'!R12+'J5'!R12+'J6'!R12+'J7'!R12+'J8'!R12+'J9'!R12+'J10'!R12++'J11'!R12+'J12'!R12+'J13'!R12+'J14'!R12+'J15'!R12+'J16'!R12+'J17'!R12+'J18'!R12+'J19'!R12+'J20'!R12+'J21'!R12+'J22'!R12 -> 1 | U12: ='J1'!S12+'J2'!S12+'J3'!S12+'J4'!S12+'J5'!S12+'J6'!S12+'J7'!S12+'J8'!S12+'J9'!S12+'J10'!S12++'J11'!S12+'J12'!S12+'J13'!S12+'J14'!S12+'J15'!S12+'J16'!S12+'J17'!S12+'J18'!S12+'J19'!S12+'J20'!S12+'J21'!S12+'J22'!S12 -> 0 | V12: ='J1'!T12+'J2'!T12+'J3'!T12+'J4'!T12+'J5'!T12+'J6'!T12+'J7'!T12+'J8'!T12+'J9'!T12+'J10'!T12++'J11'!T12+'J12'!T12+'J13'!T12+'J14'!T12+'J15'!T12+'J16'!T12+'J17'!T12+'J18'!T12+'J19'!T12+'J20'!T12+'J21'!T12+'J22'!T12 -> 0 | W12: ='J1'!U12+'J2'!U12+'J3'!U12+'J4'!U12+'J5'!U12+'J6'!U12+'J7'!U12+'J8'!U12+'J9'!U12+'J10'!U12++'J11'!U12+'J12'!U12+'J13'!U12+'J14'!U12+'J15'!U12+'J16'!U12+'J17'!U12+'J18'!U12+'J19'!U12+'J20'!U12+'J21'!U12+'J22'!U12 -> 0 | X12: ='J1'!V12+'J2'!V12+'J3'!V12+'J4'!V12+'J5'!V12+'J6'!V12+'J7'!V12+'J8'!V12+'J9'!V12+'J10'!V12++'J11'!V12+'J12'!V12+'J13'!V12+'J14'!V12+'J15'!V12+'J16'!V12+'J17'!V12+'J18'!V12+'J19'!V12+'J20'!V12+'J21'!V12+'J22'!V12 -> 0 | Y12: =IFERROR(AA12/SUM(AA12:AD12), "") -> 0.35294118 | Z12: =SUM(AA12:AD12) -> 17 | AA12: ='J1'!Y12+'J2'!Y12+'J3'!Y12+'J4'!Y12+'J5'!Y12+'J6'!Y12+'J7'!Y12+'J8'!Y12+'J9'!Y12+'J10'!Y12++'J11'!Y12+'J12'!Y12+'J13'!Y12+'J14'!Y12+'J15'!Y12+'J16'!Y12+'J17'!Y12+'J18'!Y12+'J19'!Y12+'J20'!Y12+'J21'!Y12+'J22'!Y12 -> 6 | AB12: ='J1'!Z12+'J2'!Z12+'J3'!Z12+'J4'!Z12+'J5'!Z12+'J6'!Z12+'J7'!Z12+'J8'!Z12+'J9'!Z12+'J10'!Z12++'J11'!Z12+'J12'!Z12+'J13'!Z12+'J14'!Z12+'J15'!Z12+'J16'!Z12+'J17'!Z12+'J18'!Z12+'J19'!Z12+'J20'!Z12+'J21'!Z12+'J22'!Z12 -> 7 | AC12: ='J1'!AA12+'J2'!AA12+'J3'!AA12+'J4'!AA12+'J5'!AA12+'J6'!AA12+'J7'!AA12+'J8'!AA12+'J9'!AA12+'J10'!AA12++'J11'!AA12+'J12'!AA12+'J13'!AA12+'J14'!AA12+'J15'!AA12+'J16'!AA12+'J17'!AA12+'J18'!AA12+'J19'!AA12+'J20'!AA12+'J21'!AA12+'J22'!AA12 -> 1 | AD12: ='J1'!AB12+'J2'!AB12+'J3'!AB12+'J4'!AB12+'J5'!AB12+'J6'!AB12+'J7'!AB12+'J8'!AB12+'J9'!AB12+'J10'!AB12++'J11'!AB12+'J12'!AB12+'J13'!AB12+'J14'!AB12+'J15'!AB12+'J16'!AB12+'J17'!AB12+'J18'!AB12+'J19'!AB12+'J20'!AB12+'J21'!AB12+'J22'!AB12 -> 3 | AE12: =IFERROR(AG12/SUM(AG12:AJ12), "") -> 0.58333333 | AF12: =SUM(AG12:AJ12) -> 24 | AG12: ='J1'!AE12+'J2'!AE12+'J3'!AE12+'J4'!AE12+'J5'!AE12+'J6'!AE12+'J7'!AE12+'J8'!AE12+'J9'!AE12+'J10'!AE12++'J11'!AE12+'J12'!AE12+'J13'!AE12+'J14'!AE12+'J15'!AE12+'J16'!AE12+'J17'!AE12+'J18'!AE12+'J19'!AE12+'J20'!AE12+'J21'!AE12+'J22'!AE12 -> 14 | AH12: ='J1'!AF12+'J2'!AF12+'J3'!AF12+'J4'!AF12+'J5'!AF12+'J6'!AF12+'J7'!AF12+'J8'!AF12+'J9'!AF12+'J10'!AF12++'J11'!AF12+'J12'!AF12+'J13'!AF12+'J14'!AF12+'J15'!AF12+'J16'!AF12+'J17'!AF12+'J18'!AF12+'J19'!AF12+'J20'!AF12+'J21'!AF12+'J22'!AF12 -> 8 | AI12: ='J1'!AG12+'J2'!AG12+'J3'!AG12+'J4'!AG12+'J5'!AG12+'J6'!AG12+'J7'!AG12+'J8'!AG12+'J9'!AG12+'J10'!AG12++'J11'!AG12+'J12'!AG12+'J13'!AG12+'J14'!AG12+'J15'!AG12+'J16'!AG12+'J17'!AG12+'J18'!AG12+'J19'!AG12+'J20'!AG12+'J21'!AG12+'J22'!AG12 -> 1 | AJ12: ='J1'!AH12+'J2'!AH12+'J3'!AH12+'J4'!AH12+'J5'!AH12+'J6'!AH12+'J7'!AH12+'J8'!AH12+'J9'!AH12+'J10'!AH12++'J11'!AH12+'J12'!AH12+'J13'!AH12+'J14'!AH12+'J15'!AH12+'J16'!AH12+'J17'!AH12+'J18'!AH12+'J19'!AH12+'J20'!AH12+'J21'!AH12+'J22'!AH12 -> 1 | AK12: =IFERROR(AM12/SUM(AM12:AP12), "") -> 1 | AL12: =SUM(AM12:AP12) -> 1 | AM12: ='J1'!AK12+'J2'!AK12+'J3'!AK12+'J4'!AK12+'J5'!AK12+'J6'!AK12+'J7'!AK12+'J8'!AK12+'J9'!AK12+'J10'!AK12++'J11'!AK12+'J12'!AK12+'J13'!AK12+'J14'!AK12+'J15'!AK12+'J16'!AK12+'J17'!AK12+'J18'!AK12+'J19'!AK12+'J20'!AK12+'J21'!AK12+'J22'!AK12 -> 1 | AN12: ='J1'!AL12+'J2'!AL12+'J3'!AL12+'J4'!AL12+'J5'!AL12+'J6'!AL12+'J7'!AL12+'J8'!AL12+'J9'!AL12+'J10'!AL12++'J11'!AL12+'J12'!AL12+'J13'!AL12+'J14'!AL12+'J15'!AL12+'J16'!AL12+'J17'!AL12+'J18'!AL12+'J19'!AL12+'J20'!AL12+'J21'!AL12+'J22'!AL12 -> 0 | AO12: ='J1'!AM12+'J2'!AM12+'J3'!AM12+'J4'!AM12+'J5'!AM12+'J6'!AM12+'J7'!AM12+'J8'!AM12+'J9'!AM12+'J10'!AM12++'J11'!AM12+'J12'!AM12+'J13'!AM12+'J14'!AM12+'J15'!AM12+'J16'!AM12+'J17'!AM12+'J18'!AM12+'J19'!AM12+'J20'!AM12+'J21'!AM12+'J22'!AM12 -> 0 | AP12: ='J1'!AN12+'J2'!AN12+'J3'!AN12+'J4'!AN12+'J5'!AN12+'J6'!AN12+'J7'!AN12+'J8'!AN12+'J9'!AN12+'J10'!AN12++'J11'!AN12+'J12'!AN12+'J13'!AN12+'J14'!AN12+'J15'!AN12+'J16'!AN12+'J17'!AN12+'J18'!AN12+'J19'!AN12+'J20'!AN12+'J21'!AN12+'J22'!AN12 -> 0 | AQ12: =SUM(AR12:AV12) -> 0 | AR12: ='J1'!AP12+'J2'!AP12+'J3'!AP12+'J4'!AP12+'J5'!AP12+'J6'!AP12+'J7'!AP12+'J8'!AP12+'J9'!AP12+'J10'!AP12++'J11'!AP12+'J12'!AP12+'J13'!AP12+'J14'!AP12+'J15'!AP12+'J16'!AP12+'J17'!AP12+'J18'!AP12+'J19'!AP12+'J20'!AP12+'J21'!AP12+'J22'!AP12 -> 0 | AS12: ='J1'!AQ12+'J2'!AQ12+'J3'!AQ12+'J4'!AQ12+'J5'!AQ12+'J6'!AQ12+'J7'!AQ12+'J8'!AQ12+'J9'!AQ12+'J10'!AQ12++'J11'!AQ12+'J12'!AQ12+'J13'!AQ12+'J14'!AQ12+'J15'!AQ12+'J16'!AQ12+'J17'!AQ12+'J18'!AQ12+'J19'!AQ12+'J20'!AQ12+'J21'!AQ12+'J22'!AQ12 -> 0 | AT12: ='J1'!AR12+'J2'!AR12+'J3'!AR12+'J4'!AR12+'J5'!AR12+'J6'!AR12+'J7'!AR12+'J8'!AR12+'J9'!AR12+'J10'!AR12++'J11'!AR12+'J12'!AR12+'J13'!AR12+'J14'!AR12+'J15'!AR12+'J16'!AR12+'J17'!AR12+'J18'!AR12+'J19'!AR12+'J20'!AR12+'J21'!AR12+'J22'!AR12 -> 0 | AU12: ='J1'!AS12+'J2'!AS12+'J3'!AS12+'J4'!AS12+'J5'!AS12+'J6'!AS12+'J7'!AS12+'J8'!AS12+'J9'!AS12+'J10'!AS12++'J11'!AS12+'J12'!AS12+'J13'!AS12+'J14'!AS12+'J15'!AS12+'J16'!AS12+'J17'!AS12+'J18'!AS12+'J19'!AS12+'J20'!AS12+'J21'!AS12+'J22'!AS12 -> 0 | AV12: ='J1'!AT12+'J2'!AT12+'J3'!AT12+'J4'!AT12+'J5'!AT12+'J6'!AT12+'J7'!AT12+'J8'!AT12+'J9'!AT12+'J10'!AT12++'J11'!AT12+'J12'!AT12+'J13'!AT12+'J14'!AT12+'J15'!AT12+'J16'!AT12+'J17'!AT12+'J18'!AT12+'J19'!AT12+'J20'!AT12+'J21'!AT12+'J22'!AT12 -> 0 | AW12: =AX12+AY12+AZ12+BA12+BB12+BC12+BD12+0.5*BE12+BF12+BG12+2*BH12+2*BI12 -> 6 | AX12: ='J1'!AV12+'J2'!AV12+'J3'!AV12+'J4'!AV12+'J5'!AV12+'J6'!AV12+'J7'!AV12+'J8'!AV12+'J9'!AV12+'J10'!AV12++'J11'!AV12+'J12'!AV12+'J13'!AV12+'J14'!AV12+'J15'!AV12+'J16'!AV12+'J17'!AV12+'J18'!AV12+'J19'!AV12+'J20'!AV12+'J21'!AV12+'J22'!AV12 -> 3 | AY12: ='J1'!AW12+'J2'!AW12+'J3'!AW12+'J4'!AW12+'J5'!AW12+'J6'!AW12+'J7'!AW12+'J8'!AW12+'J9'!AW12+'J10'!AW12++'J11'!AW12+'J12'!AW12+'J13'!AW12+'J14'!AW12+'J15'!AW12+'J16'!AW12+'J17'!AW12+'J18'!AW12+'J19'!AW12+'J20'!AW12+'J21'!AW12+'J22'!AW12 -> 1 | AZ12: ='J1'!AX12+'J2'!AX12+'J3'!AX12+'J4'!AX12+'J5'!AX12+'J6'!AX12+'J7'!AX12+'J8'!AX12+'J9'!AX12+'J10'!AX12++'J11'!AX12+'J12'!AX12+'J13'!AX12+'J14'!AX12+'J15'!AX12+'J16'!AX12+'J17'!AX12+'J18'!AX12+'J19'!AX12+'J20'!AX12+'J21'!AX12+'J22'!AX12 -> 1 | BA12: ='J1'!AY12+'J2'!AY12+'J3'!AY12+'J4'!AY12+'J5'!AY12+'J6'!AY12+'J7'!AY12+'J8'!AY12+'J9'!AY12+'J10'!AY12++'J11'!AY12+'J12'!AY12+'J13'!AY12+'J14'!AY12+'J15'!AY12+'J16'!AY12+'J17'!AY12+'J18'!AY12+'J19'!AY12+'J20'!AY12+'J21'!AY12+'J22'!AY12 -> 0 | BB12: ='J1'!AZ12+'J2'!AZ12+'J3'!AZ12+'J4'!AZ12+'J5'!AZ12+'J6'!AZ12+'J7'!AZ12+'J8'!AZ12+'J9'!AZ12+'J10'!AZ12++'J11'!AZ12+'J12'!AZ12+'J13'!AZ12+'J14'!AZ12+'J15'!AZ12+'J16'!AZ12+'J17'!AZ12+'J18'!AZ12+'J19'!AZ12+'J20'!AZ12+'J21'!AZ12+'J22'!AZ12 -> 0 | BC12: ='J1'!BA12+'J2'!BA12+'J3'!BA12+'J4'!BA12+'J5'!BA12+'J6'!BA12+'J7'!BA12+'J8'!BA12+'J9'!BA12+'J10'!BA12++'J11'!BA12+'J12'!BA12+'J13'!BA12+'J14'!BA12+'J15'!BA12+'J16'!BA12+'J17'!BA12+'J18'!BA12+'J19'!BA12+'J20'!BA12+'J21'!BA12+'J22'!BA12 -> 0 | BD12: ='J1'!BB12+'J2'!BB12+'J3'!BB12+'J4'!BB12+'J5'!BB12+'J6'!BB12+'J7'!BB12+'J8'!BB12+'J9'!BB12+'J10'!BB12++'J11'!BB12+'J12'!BB12+'J13'!BB12+'J14'!BB12+'J15'!BB12+'J16'!BB12+'J17'!BB12+'J18'!BB12+'J19'!BB12+'J20'!BB12+'J21'!BB12+'J22'!BB12 -> 0 | BE12: ='J1'!BC12+'J2'!BC12+'J3'!BC12+'J4'!BC12+'J5'!BC12+'J6'!BC12+'J7'!BC12+'J8'!BC12+'J9'!BC12+'J10'!BC12++'J11'!BC12+'J12'!BC12+'J13'!BC12+'J14'!BC12+'J15'!BC12+'J16'!BC12+'J17'!BC12+'J18'!BC12+'J19'!BC12+'J20'!BC12+'J21'!BC12+'J22'!BC12 -> 0 | ... BI12: ='J1'!BG12+'J2'!BG12+'J3'!BG12+'J4'!BG12+'J5'!BG12+'J6'!BG12+'J7'!BG12+'J8'!BG12+'J9'!BG12+'J10'!BG12++'J11'!BG12+'J12'!BG12+'J13'!BG12+'J14'!BG12+'J15'!BG12+'J16'!BG12+'J17'!BG12+'J18'!BG12+'J19'!BG12+'J20'!BG12+'J21'!BG12+'J22'!BG12 -> 0
F13: IKER | H13: 9 | I13: 0 | J13: =('J1'!I13+'J2'!I13+'J3'!I13+'J4'!I12+'J5'!I13+'J6'!I13+'J7'!I13+'J8'!I13+'J9'!I13+'J10'!I13++'J11'!I13+'J12'!I13+'J13'!I13+'J14'!I13+'J15'!I13+'J16'!I13+'J17'!I13+'J18'!I13+'J19'!I13+'J20'!I13+'J21'!I13+'J22'!I13)/H13 -> 22.666667 | K13: =J13/60 -> 0.37777778 | L13: =('J1'!J13+'J2'!J13+'J3'!J13+'J4'!J13+'J5'!J13+'J6'!J13+'J7'!J13+'J8'!J13+'J9'!J13+'J10'!J13++'J11'!J13+'J12'!J13+'J13'!J13+'J14'!J13+'J15'!J13+'J16'!J13+'J17'!J13+'J18'!J13+'J19'!J13+'J20'!J13+'J21'!J13+'J22'!J13)/$C$3 -> 0 | M13: =('J1'!K13+'J2'!K13+'J3'!K13+'J4'!K13+'J5'!K13+'J6'!K13+'J7'!K13+'J8'!K13+'J9'!K13+'J10'!K13++'J11'!K13+'J12'!K13+'J13'!K13+'J14'!K13+'J15'!K13+'J16'!K13+'J17'!K13+'J18'!K13+'J19'!K13+'J20'!K13+'J21'!K13+'J22'!K13)/$C$3 -> 0 | N13: =('J1'!L13+'J2'!L13+'J3'!L13+'J4'!L13+'J5'!L13+'J6'!L13+'J7'!L13+'J8'!L13+'J9'!L13+'J10'!L13+'J11'!L13+'J12'!L13+'J13'!L13+'J14'!L13+'J15'!L13+'J16'!L13+'J17'!L13+'J18'!L13+'J19'!L13+'J20'!L13+'J21'!L13+'J22'!L13)/$C$3 -> 0.055555556 | O13: =IFERROR(Q13/P13,"") -> 0.61538462 | P13: =SUM(T13:X13)+SUM(AG13:AJ13)+SUM(AM13:AP13)+SUM(AA13:AD13) -> 13 | Q13: =T13+AG13+AM13+AA13 -> 8 | R13: =IF(SUM(T13:X13)=0,"",T13/SUM(T13:X13)) -> 0.33333333 | S13: =SUM(T13:X13) -> 3 | T13: ='J1'!R13+'J2'!R13+'J3'!R13+'J4'!R13+'J5'!R13+'J6'!R13+'J7'!R13+'J8'!R13+'J9'!R13+'J10'!R13++'J11'!R13+'J12'!R13+'J13'!R13+'J14'!R13+'J15'!R13+'J16'!R13+'J17'!R13+'J18'!R13+'J19'!R13+'J20'!R13+'J21'!R13+'J22'!R13 -> 1 | U13: ='J1'!S13+'J2'!S13+'J3'!S13+'J4'!S13+'J5'!S13+'J6'!S13+'J7'!S13+'J8'!S13+'J9'!S13+'J10'!S13++'J11'!S13+'J12'!S13+'J13'!S13+'J14'!S13+'J15'!S13+'J16'!S13+'J17'!S13+'J18'!S13+'J19'!S13+'J20'!S13+'J21'!S13+'J22'!S13 -> 1 | V13: ='J1'!T13+'J2'!T13+'J3'!T13+'J4'!T13+'J5'!T13+'J6'!T13+'J7'!T13+'J8'!T13+'J9'!T13+'J10'!T13++'J11'!T13+'J12'!T13+'J13'!T13+'J14'!T13+'J15'!T13+'J16'!T13+'J17'!T13+'J18'!T13+'J19'!T13+'J20'!T13+'J21'!T13+'J22'!T13 -> 0 | W13: ='J1'!U13+'J2'!U13+'J3'!U13+'J4'!U13+'J5'!U13+'J6'!U13+'J7'!U13+'J8'!U13+'J9'!U13+'J10'!U13++'J11'!U13+'J12'!U13+'J13'!U13+'J14'!U13+'J15'!U13+'J16'!U13+'J17'!U13+'J18'!U13+'J19'!U13+'J20'!U13+'J21'!U13+'J22'!U13 -> 1 | X13: ='J1'!V13+'J2'!V13+'J3'!V13+'J4'!V13+'J5'!V13+'J6'!V13+'J7'!V13+'J8'!V13+'J9'!V13+'J10'!V13++'J11'!V13+'J12'!V13+'J13'!V13+'J14'!V13+'J15'!V13+'J16'!V13+'J17'!V13+'J18'!V13+'J19'!V13+'J20'!V13+'J21'!V13+'J22'!V13 -> 0 | Y13: =IFERROR(AA13/SUM(AA13:AD13), "") | Z13: =SUM(AA13:AD13) -> 0 | AA13: ='J1'!Y13+'J2'!Y13+'J3'!Y13+'J4'!Y13+'J5'!Y13+'J6'!Y13+'J7'!Y13+'J8'!Y13+'J9'!Y13+'J10'!Y13++'J11'!Y13+'J12'!Y13+'J13'!Y13+'J14'!Y13+'J15'!Y13+'J16'!Y13+'J17'!Y13+'J18'!Y13+'J19'!Y13+'J20'!Y13+'J21'!Y13+'J22'!Y13 -> 0 | AB13: ='J1'!Z13+'J2'!Z13+'J3'!Z13+'J4'!Z13+'J5'!Z13+'J6'!Z13+'J7'!Z13+'J8'!Z13+'J9'!Z13+'J10'!Z13++'J11'!Z13+'J12'!Z13+'J13'!Z13+'J14'!Z13+'J15'!Z13+'J16'!Z13+'J17'!Z13+'J18'!Z13+'J19'!Z13+'J20'!Z13+'J21'!Z13+'J22'!Z13 -> 0 | AC13: ='J1'!AA13+'J2'!AA13+'J3'!AA13+'J4'!AA13+'J5'!AA13+'J6'!AA13+'J7'!AA13+'J8'!AA13+'J9'!AA13+'J10'!AA13++'J11'!AA13+'J12'!AA13+'J13'!AA13+'J14'!AA13+'J15'!AA13+'J16'!AA13+'J17'!AA13+'J18'!AA13+'J19'!AA13+'J20'!AA13+'J21'!AA13+'J22'!AA13 -> 0 | AD13: ='J1'!AB13+'J2'!AB13+'J3'!AB13+'J4'!AB13+'J5'!AB13+'J6'!AB13+'J7'!AB13+'J8'!AB13+'J9'!AB13+'J10'!AB13++'J11'!AB13+'J12'!AB13+'J13'!AB13+'J14'!AB13+'J15'!AB13+'J16'!AB13+'J17'!AB13+'J18'!AB13+'J19'!AB13+'J20'!AB13+'J21'!AB13+'J22'!AB13 -> 0 | AE13: =IFERROR(AG13/SUM(AG13:AJ13), "") -> 0.7 | AF13: =SUM(AG13:AJ13) -> 10 | AG13: ='J1'!AE13+'J2'!AE13+'J3'!AE13+'J4'!AE13+'J5'!AE13+'J6'!AE13+'J7'!AE13+'J8'!AE13+'J9'!AE13+'J10'!AE13++'J11'!AE13+'J12'!AE13+'J13'!AE13+'J14'!AE13+'J15'!AE13+'J16'!AE13+'J17'!AE13+'J18'!AE13+'J19'!AE13+'J20'!AE13+'J21'!AE13+'J22'!AE13 -> 7 | AH13: ='J1'!AF13+'J2'!AF13+'J3'!AF13+'J4'!AF13+'J5'!AF13+'J6'!AF13+'J7'!AF13+'J8'!AF13+'J9'!AF13+'J10'!AF13++'J11'!AF13+'J12'!AF13+'J13'!AF13+'J14'!AF13+'J15'!AF13+'J16'!AF13+'J17'!AF13+'J18'!AF13+'J19'!AF13+'J20'!AF13+'J21'!AF13+'J22'!AF13 -> 0 | AI13: ='J1'!AG13+'J2'!AG13+'J3'!AG13+'J4'!AG13+'J5'!AG13+'J6'!AG13+'J7'!AG13+'J8'!AG13+'J9'!AG13+'J10'!AG13++'J11'!AG13+'J12'!AG13+'J13'!AG13+'J14'!AG13+'J15'!AG13+'J16'!AG13+'J17'!AG13+'J18'!AG13+'J19'!AG13+'J20'!AG13+'J21'!AG13+'J22'!AG13 -> 0 | AJ13: ='J1'!AH13+'J2'!AH13+'J3'!AH13+'J4'!AH13+'J5'!AH13+'J6'!AH13+'J7'!AH13+'J8'!AH13+'J9'!AH13+'J10'!AH13++'J11'!AH13+'J12'!AH13+'J13'!AH13+'J14'!AH13+'J15'!AH13+'J16'!AH13+'J17'!AH13+'J18'!AH13+'J19'!AH13+'J20'!AH13+'J21'!AH13+'J22'!AH13 -> 3 | AK13: =IFERROR(AM13/SUM(AM13:AP13), "") | AL13: =SUM(AM13:AP13) -> 0 | AM13: ='J1'!AK13+'J2'!AK13+'J3'!AK13+'J4'!AK13+'J5'!AK13+'J6'!AK13+'J7'!AK13+'J8'!AK13+'J9'!AK13+'J10'!AK13++'J11'!AK13+'J12'!AK13+'J13'!AK13+'J14'!AK13+'J15'!AK13+'J16'!AK13+'J17'!AK13+'J18'!AK13+'J19'!AK13+'J20'!AK13+'J21'!AK13+'J22'!AK13 -> 0 | AN13: ='J1'!AL13+'J2'!AL13+'J3'!AL13+'J4'!AL13+'J5'!AL13+'J6'!AL13+'J7'!AL13+'J8'!AL13+'J9'!AL13+'J10'!AL13++'J11'!AL13+'J12'!AL13+'J13'!AL13+'J14'!AL13+'J15'!AL13+'J16'!AL13+'J17'!AL13+'J18'!AL13+'J19'!AL13+'J20'!AL13+'J21'!AL13+'J22'!AL13 -> 0 | AO13: ='J1'!AM13+'J2'!AM13+'J3'!AM13+'J4'!AM13+'J5'!AM13+'J6'!AM13+'J7'!AM13+'J8'!AM13+'J9'!AM13+'J10'!AM13++'J11'!AM13+'J12'!AM13+'J13'!AM13+'J14'!AM13+'J15'!AM13+'J16'!AM13+'J17'!AM13+'J18'!AM13+'J19'!AM13+'J20'!AM13+'J21'!AM13+'J22'!AM13 -> 0 | AP13: ='J1'!AN13+'J2'!AN13+'J3'!AN13+'J4'!AN13+'J5'!AN13+'J6'!AN13+'J7'!AN13+'J8'!AN13+'J9'!AN13+'J10'!AN13++'J11'!AN13+'J12'!AN13+'J13'!AN13+'J14'!AN13+'J15'!AN13+'J16'!AN13+'J17'!AN13+'J18'!AN13+'J19'!AN13+'J20'!AN13+'J21'!AN13+'J22'!AN13 -> 0 | AQ13: =SUM(AR13:AV13) -> 4 | AR13: ='J1'!AP13+'J2'!AP13+'J3'!AP13+'J4'!AP13+'J5'!AP13+'J6'!AP13+'J7'!AP13+'J8'!AP13+'J9'!AP13+'J10'!AP13++'J11'!AP13+'J12'!AP13+'J13'!AP13+'J14'!AP13+'J15'!AP13+'J16'!AP13+'J17'!AP13+'J18'!AP13+'J19'!AP13+'J20'!AP13+'J21'!AP13+'J22'!AP13 -> 0 | AS13: ='J1'!AQ13+'J2'!AQ13+'J3'!AQ13+'J4'!AQ13+'J5'!AQ13+'J6'!AQ13+'J7'!AQ13+'J8'!AQ13+'J9'!AQ13+'J10'!AQ13++'J11'!AQ13+'J12'!AQ13+'J13'!AQ13+'J14'!AQ13+'J15'!AQ13+'J16'!AQ13+'J17'!AQ13+'J18'!AQ13+'J19'!AQ13+'J20'!AQ13+'J21'!AQ13+'J22'!AQ13 -> 0 | AT13: ='J1'!AR13+'J2'!AR13+'J3'!AR13+'J4'!AR13+'J5'!AR13+'J6'!AR13+'J7'!AR13+'J8'!AR13+'J9'!AR13+'J10'!AR13++'J11'!AR13+'J12'!AR13+'J13'!AR13+'J14'!AR13+'J15'!AR13+'J16'!AR13+'J17'!AR13+'J18'!AR13+'J19'!AR13+'J20'!AR13+'J21'!AR13+'J22'!AR13 -> 4 | AU13: ='J1'!AS13+'J2'!AS13+'J3'!AS13+'J4'!AS13+'J5'!AS13+'J6'!AS13+'J7'!AS13+'J8'!AS13+'J9'!AS13+'J10'!AS13++'J11'!AS13+'J12'!AS13+'J13'!AS13+'J14'!AS13+'J15'!AS13+'J16'!AS13+'J17'!AS13+'J18'!AS13+'J19'!AS13+'J20'!AS13+'J21'!AS13+'J22'!AS13 -> 0 | AV13: ='J1'!AT13+'J2'!AT13+'J3'!AT13+'J4'!AT13+'J5'!AT13+'J6'!AT13+'J7'!AT13+'J8'!AT13+'J9'!AT13+'J10'!AT13++'J11'!AT13+'J12'!AT13+'J13'!AT13+'J14'!AT13+'J15'!AT13+'J16'!AT13+'J17'!AT13+'J18'!AT13+'J19'!AT13+'J20'!AT13+'J21'!AT13+'J22'!AT13 -> 0 | AW13: =AX13+AY13+AZ13+BA13+BB13+BC13+BD13+0.5*BE13+BF13+BG13+2*BH13+2*BI13 -> 3 | AX13: ='J1'!AV13+'J2'!AV13+'J3'!AV13+'J4'!AV13+'J5'!AV13+'J6'!AV13+'J7'!AV13+'J8'!AV13+'J9'!AV13+'J10'!AV13++'J11'!AV13+'J12'!AV13+'J13'!AV13+'J14'!AV13+'J15'!AV13+'J16'!AV13+'J17'!AV13+'J18'!AV13+'J19'!AV13+'J20'!AV13+'J21'!AV13+'J22'!AV13 -> 1 | AY13: ='J1'!AW13+'J2'!AW13+'J3'!AW13+'J4'!AW13+'J5'!AW13+'J6'!AW13+'J7'!AW13+'J8'!AW13+'J9'!AW13+'J10'!AW13++'J11'!AW13+'J12'!AW13+'J13'!AW13+'J14'!AW13+'J15'!AW13+'J16'!AW13+'J17'!AW13+'J18'!AW13+'J19'!AW13+'J20'!AW13+'J21'!AW13+'J22'!AW13 -> 0 | AZ13: ='J1'!AX13+'J2'!AX13+'J3'!AX13+'J4'!AX13+'J5'!AX13+'J6'!AX13+'J7'!AX13+'J8'!AX13+'J9'!AX13+'J10'!AX13++'J11'!AX13+'J12'!AX13+'J13'!AX13+'J14'!AX13+'J15'!AX13+'J16'!AX13+'J17'!AX13+'J18'!AX13+'J19'!AX13+'J20'!AX13+'J21'!AX13+'J22'!AX13 -> 1 | BA13: ='J1'!AY13+'J2'!AY13+'J3'!AY13+'J4'!AY13+'J5'!AY13+'J6'!AY13+'J7'!AY13+'J8'!AY13+'J9'!AY13+'J10'!AY13++'J11'!AY13+'J12'!AY13+'J13'!AY13+'J14'!AY13+'J15'!AY13+'J16'!AY13+'J17'!AY13+'J18'!AY13+'J19'!AY13+'J20'!AY13+'J21'!AY13+'J22'!AY13 -> 0 | BB13: ='J1'!AZ13+'J2'!AZ13+'J3'!AZ13+'J4'!AZ13+'J5'!AZ13+'J6'!AZ13+'J7'!AZ13+'J8'!AZ13+'J9'!AZ13+'J10'!AZ13++'J11'!AZ13+'J12'!AZ13+'J13'!AZ13+'J14'!AZ13+'J15'!AZ13+'J16'!AZ13+'J17'!AZ13+'J18'!AZ13+'J19'!AZ13+'J20'!AZ13+'J21'!AZ13+'J22'!AZ13 -> 0 | BC13: ='J1'!BA13+'J2'!BA13+'J3'!BA13+'J4'!BA13+'J5'!BA13+'J6'!BA13+'J7'!BA13+'J8'!BA13+'J9'!BA13+'J10'!BA13++'J11'!BA13+'J12'!BA13+'J13'!BA13+'J14'!BA13+'J15'!BA13+'J16'!BA13+'J17'!BA13+'J18'!BA13+'J19'!BA13+'J20'!BA13+'J21'!BA13+'J22'!BA13 -> 1 | BD13: ='J1'!BB13+'J2'!BB13+'J3'!BB13+'J4'!BB13+'J5'!BB13+'J6'!BB13+'J7'!BB13+'J8'!BB13+'J9'!BB13+'J10'!BB13++'J11'!BB13+'J12'!BB13+'J13'!BB13+'J14'!BB13+'J15'!BB13+'J16'!BB13+'J17'!BB13+'J18'!BB13+'J19'!BB13+'J20'!BB13+'J21'!BB13+'J22'!BB13 -> 0 | BE13: ='J1'!BC13+'J2'!BC13+'J3'!BC13+'J4'!BC13+'J5'!BC13+'J6'!BC13+'J7'!BC13+'J8'!BC13+'J9'!BC13+'J10'!BC13++'J11'!BC13+'J12'!BC13+'J13'!BC13+'J14'!BC13+'J15'!BC13+'J16'!BC13+'J17'!BC13+'J18'!BC13+'J19'!BC13+'J20'!BC13+'J21'!BC13+'J22'!BC13 -> 0 | ... BI13: ='J1'!BG13+'J2'!BG13+'J3'!BG13+'J4'!BG13+'J5'!BG13+'J6'!BG13+'J7'!BG13+'J8'!BG13+'J9'!BG13+'J10'!BG13++'J11'!BG13+'J12'!BG13+'J13'!BG13+'J14'!BG13+'J15'!BG13+'J16'!BG13+'J17'!BG13+'J18'!BG13+'J19'!BG13+'J20'!BG13+'J21'!BG13+'J22'!BG13 -> 0
F14: IÑIGO | H14: 9 | I14: 0 | J14: =('J1'!I14+'J2'!I14+'J3'!I14+'J4'!I13+'J5'!I14+'J6'!I14+'J7'!I14+'J8'!I14+'J9'!I14+'J10'!I14++'J11'!I14+'J12'!I14+'J13'!I14+'J14'!I14+'J15'!I14+'J16'!I14+'J17'!I14+'J18'!I14+'J19'!I14+'J20'!I14+'J21'!I14+'J22'!I14)/H14 -> 25.666667 | K14: =J14/60 -> 0.42777778 | L14: =('J1'!J14+'J2'!J14+'J3'!J14+'J4'!J14+'J5'!J14+'J6'!J14+'J7'!J14+'J8'!J14+'J9'!J14+'J10'!J14++'J11'!J14+'J12'!J14+'J13'!J14+'J14'!J14+'J15'!J14+'J16'!J14+'J17'!J14+'J18'!J14+'J19'!J14+'J20'!J14+'J21'!J14+'J22'!J14)/$C$3 -> 0 | M14: =('J1'!K14+'J2'!K14+'J3'!K14+'J4'!K14+'J5'!K14+'J6'!K14+'J7'!K14+'J8'!K14+'J9'!K14+'J10'!K14++'J11'!K14+'J12'!K14+'J13'!K14+'J14'!K14+'J15'!K14+'J16'!K14+'J17'!K14+'J18'!K14+'J19'!K14+'J20'!K14+'J21'!K14+'J22'!K14)/$C$3 -> 0 | N14: =('J1'!L14+'J2'!L14+'J3'!L14+'J4'!L14+'J5'!L14+'J6'!L14+'J7'!L14+'J8'!L14+'J9'!L14+'J10'!L14+'J11'!L14+'J12'!L14+'J13'!L14+'J14'!L14+'J15'!L14+'J16'!L14+'J17'!L14+'J18'!L14+'J19'!L14+'J20'!L14+'J21'!L14+'J22'!L14)/$C$3 -> -0.11111111 | O14: =IFERROR(Q14/P14,"") -> 0.63333333 | P14: =SUM(T14:X14)+SUM(AG14:AJ14)+SUM(AM14:AP14)+SUM(AA14:AD14) -> 60 | Q14: =T14+AG14+AM14+AA14 -> 38 | R14: =IF(SUM(T14:X14)=0,"",T14/SUM(T14:X14)) -> 0.22222222 | S14: =SUM(T14:X14) -> 18 | T14: ='J1'!R14+'J2'!R14+'J3'!R14+'J4'!R14+'J5'!R14+'J6'!R14+'J7'!R14+'J8'!R14+'J9'!R14+'J10'!R14++'J11'!R14+'J12'!R14+'J13'!R14+'J14'!R14+'J15'!R14+'J16'!R14+'J17'!R14+'J18'!R14+'J19'!R14+'J20'!R14+'J21'!R14+'J22'!R14 -> 4 | U14: ='J1'!S14+'J2'!S14+'J3'!S14+'J4'!S14+'J5'!S14+'J6'!S14+'J7'!S14+'J8'!S14+'J9'!S14+'J10'!S14++'J11'!S14+'J12'!S14+'J13'!S14+'J14'!S14+'J15'!S14+'J16'!S14+'J17'!S14+'J18'!S14+'J19'!S14+'J20'!S14+'J21'!S14+'J22'!S14 -> 8 | V14: ='J1'!T14+'J2'!T14+'J3'!T14+'J4'!T14+'J5'!T14+'J6'!T14+'J7'!T14+'J8'!T14+'J9'!T14+'J10'!T14++'J11'!T14+'J12'!T14+'J13'!T14+'J14'!T14+'J15'!T14+'J16'!T14+'J17'!T14+'J18'!T14+'J19'!T14+'J20'!T14+'J21'!T14+'J22'!T14 -> 0 | W14: ='J1'!U14+'J2'!U14+'J3'!U14+'J4'!U14+'J5'!U14+'J6'!U14+'J7'!U14+'J8'!U14+'J9'!U14+'J10'!U14++'J11'!U14+'J12'!U14+'J13'!U14+'J14'!U14+'J15'!U14+'J16'!U14+'J17'!U14+'J18'!U14+'J19'!U14+'J20'!U14+'J21'!U14+'J22'!U14 -> 6 | X14: ='J1'!V14+'J2'!V14+'J3'!V14+'J4'!V14+'J5'!V14+'J6'!V14+'J7'!V14+'J8'!V14+'J9'!V14+'J10'!V14++'J11'!V14+'J12'!V14+'J13'!V14+'J14'!V14+'J15'!V14+'J16'!V14+'J17'!V14+'J18'!V14+'J19'!V14+'J20'!V14+'J21'!V14+'J22'!V14 -> 0 | Y14: =IFERROR(AA14/SUM(AA14:AD14), "") -> 0.5 | Z14: =SUM(AA14:AD14) -> 2 | AA14: ='J1'!Y14+'J2'!Y14+'J3'!Y14+'J4'!Y14+'J5'!Y14+'J6'!Y14+'J7'!Y14+'J8'!Y14+'J9'!Y14+'J10'!Y14++'J11'!Y14+'J12'!Y14+'J13'!Y14+'J14'!Y14+'J15'!Y14+'J16'!Y14+'J17'!Y14+'J18'!Y14+'J19'!Y14+'J20'!Y14+'J21'!Y14+'J22'!Y14 -> 1 | AB14: ='J1'!Z14+'J2'!Z14+'J3'!Z14+'J4'!Z14+'J5'!Z14+'J6'!Z14+'J7'!Z14+'J8'!Z14+'J9'!Z14+'J10'!Z14++'J11'!Z14+'J12'!Z14+'J13'!Z14+'J14'!Z14+'J15'!Z14+'J16'!Z14+'J17'!Z14+'J18'!Z14+'J19'!Z14+'J20'!Z14+'J21'!Z14+'J22'!Z14 -> 1 | AC14: ='J1'!AA14+'J2'!AA14+'J3'!AA14+'J4'!AA14+'J5'!AA14+'J6'!AA14+'J7'!AA14+'J8'!AA14+'J9'!AA14+'J10'!AA14++'J11'!AA14+'J12'!AA14+'J13'!AA14+'J14'!AA14+'J15'!AA14+'J16'!AA14+'J17'!AA14+'J18'!AA14+'J19'!AA14+'J20'!AA14+'J21'!AA14+'J22'!AA14 -> 0 | AD14: ='J1'!AB14+'J2'!AB14+'J3'!AB14+'J4'!AB14+'J5'!AB14+'J6'!AB14+'J7'!AB14+'J8'!AB14+'J9'!AB14+'J10'!AB14++'J11'!AB14+'J12'!AB14+'J13'!AB14+'J14'!AB14+'J15'!AB14+'J16'!AB14+'J17'!AB14+'J18'!AB14+'J19'!AB14+'J20'!AB14+'J21'!AB14+'J22'!AB14 -> 0 | AE14: =IFERROR(AG14/SUM(AG14:AJ14), "") -> 0.83783784 | AF14: =SUM(AG14:AJ14) -> 37 | AG14: ='J1'!AE14+'J2'!AE14+'J3'!AE14+'J4'!AE14+'J5'!AE14+'J6'!AE14+'J7'!AE14+'J8'!AE14+'J9'!AE14+'J10'!AE14++'J11'!AE14+'J12'!AE14+'J13'!AE14+'J14'!AE14+'J15'!AE14+'J16'!AE14+'J17'!AE14+'J18'!AE14+'J19'!AE14+'J20'!AE14+'J21'!AE14+'J22'!AE14 -> 31 | AH14: ='J1'!AF14+'J2'!AF14+'J3'!AF14+'J4'!AF14+'J5'!AF14+'J6'!AF14+'J7'!AF14+'J8'!AF14+'J9'!AF14+'J10'!AF14++'J11'!AF14+'J12'!AF14+'J13'!AF14+'J14'!AF14+'J15'!AF14+'J16'!AF14+'J17'!AF14+'J18'!AF14+'J19'!AF14+'J20'!AF14+'J21'!AF14+'J22'!AF14 -> 4 | AI14: ='J1'!AG14+'J2'!AG14+'J3'!AG14+'J4'!AG14+'J5'!AG14+'J6'!AG14+'J7'!AG14+'J8'!AG14+'J9'!AG14+'J10'!AG14++'J11'!AG14+'J12'!AG14+'J13'!AG14+'J14'!AG14+'J15'!AG14+'J16'!AG14+'J17'!AG14+'J18'!AG14+'J19'!AG14+'J20'!AG14+'J21'!AG14+'J22'!AG14 -> 0 | AJ14: ='J1'!AH14+'J2'!AH14+'J3'!AH14+'J4'!AH14+'J5'!AH14+'J6'!AH14+'J7'!AH14+'J8'!AH14+'J9'!AH14+'J10'!AH14++'J11'!AH14+'J12'!AH14+'J13'!AH14+'J14'!AH14+'J15'!AH14+'J16'!AH14+'J17'!AH14+'J18'!AH14+'J19'!AH14+'J20'!AH14+'J21'!AH14+'J22'!AH14 -> 2 | AK14: =IFERROR(AM14/SUM(AM14:AP14), "") -> 0.66666667 | AL14: =SUM(AM14:AP14) -> 3 | AM14: ='J1'!AK14+'J2'!AK14+'J3'!AK14+'J4'!AK14+'J5'!AK14+'J6'!AK14+'J7'!AK14+'J8'!AK14+'J9'!AK14+'J10'!AK14++'J11'!AK14+'J12'!AK14+'J13'!AK14+'J14'!AK14+'J15'!AK14+'J16'!AK14+'J17'!AK14+'J18'!AK14+'J19'!AK14+'J20'!AK14+'J21'!AK14+'J22'!AK14 -> 2 | AN14: ='J1'!AL14+'J2'!AL14+'J3'!AL14+'J4'!AL14+'J5'!AL14+'J6'!AL14+'J7'!AL14+'J8'!AL14+'J9'!AL14+'J10'!AL14++'J11'!AL14+'J12'!AL14+'J13'!AL14+'J14'!AL14+'J15'!AL14+'J16'!AL14+'J17'!AL14+'J18'!AL14+'J19'!AL14+'J20'!AL14+'J21'!AL14+'J22'!AL14 -> 1 | AO14: ='J1'!AM14+'J2'!AM14+'J3'!AM14+'J4'!AM14+'J5'!AM14+'J6'!AM14+'J7'!AM14+'J8'!AM14+'J9'!AM14+'J10'!AM14++'J11'!AM14+'J12'!AM14+'J13'!AM14+'J14'!AM14+'J15'!AM14+'J16'!AM14+'J17'!AM14+'J18'!AM14+'J19'!AM14+'J20'!AM14+'J21'!AM14+'J22'!AM14 -> 0 | AP14: ='J1'!AN14+'J2'!AN14+'J3'!AN14+'J4'!AN14+'J5'!AN14+'J6'!AN14+'J7'!AN14+'J8'!AN14+'J9'!AN14+'J10'!AN14++'J11'!AN14+'J12'!AN14+'J13'!AN14+'J14'!AN14+'J15'!AN14+'J16'!AN14+'J17'!AN14+'J18'!AN14+'J19'!AN14+'J20'!AN14+'J21'!AN14+'J22'!AN14 -> 0 | AQ14: =SUM(AR14:AV14) -> 6 | AR14: ='J1'!AP14+'J2'!AP14+'J3'!AP14+'J4'!AP14+'J5'!AP14+'J6'!AP14+'J7'!AP14+'J8'!AP14+'J9'!AP14+'J10'!AP14++'J11'!AP14+'J12'!AP14+'J13'!AP14+'J14'!AP14+'J15'!AP14+'J16'!AP14+'J17'!AP14+'J18'!AP14+'J19'!AP14+'J20'!AP14+'J21'!AP14+'J22'!AP14 -> 0 | AS14: ='J1'!AQ14+'J2'!AQ14+'J3'!AQ14+'J4'!AQ14+'J5'!AQ14+'J6'!AQ14+'J7'!AQ14+'J8'!AQ14+'J9'!AQ14+'J10'!AQ14++'J11'!AQ14+'J12'!AQ14+'J13'!AQ14+'J14'!AQ14+'J15'!AQ14+'J16'!AQ14+'J17'!AQ14+'J18'!AQ14+'J19'!AQ14+'J20'!AQ14+'J21'!AQ14+'J22'!AQ14 -> 1 | AT14: ='J1'!AR14+'J2'!AR14+'J3'!AR14+'J4'!AR14+'J5'!AR14+'J6'!AR14+'J7'!AR14+'J8'!AR14+'J9'!AR14+'J10'!AR14++'J11'!AR14+'J12'!AR14+'J13'!AR14+'J14'!AR14+'J15'!AR14+'J16'!AR14+'J17'!AR14+'J18'!AR14+'J19'!AR14+'J20'!AR14+'J21'!AR14+'J22'!AR14 -> 5 | AU14: ='J1'!AS14+'J2'!AS14+'J3'!AS14+'J4'!AS14+'J5'!AS14+'J6'!AS14+'J7'!AS14+'J8'!AS14+'J9'!AS14+'J10'!AS14++'J11'!AS14+'J12'!AS14+'J13'!AS14+'J14'!AS14+'J15'!AS14+'J16'!AS14+'J17'!AS14+'J18'!AS14+'J19'!AS14+'J20'!AS14+'J21'!AS14+'J22'!AS14 -> 0 | AV14: ='J1'!AT14+'J2'!AT14+'J3'!AT14+'J4'!AT14+'J5'!AT14+'J6'!AT14+'J7'!AT14+'J8'!AT14+'J9'!AT14+'J10'!AT14++'J11'!AT14+'J12'!AT14+'J13'!AT14+'J14'!AT14+'J15'!AT14+'J16'!AT14+'J17'!AT14+'J18'!AT14+'J19'!AT14+'J20'!AT14+'J21'!AT14+'J22'!AT14 -> 0 | AW14: =AX14+AY14+AZ14+BA14+BB14+BC14+BD14+0.5*BE14+BF14+BG14+2*BH14+2*BI14 -> 13 | AX14: ='J1'!AV14+'J2'!AV14+'J3'!AV14+'J4'!AV14+'J5'!AV14+'J6'!AV14+'J7'!AV14+'J8'!AV14+'J9'!AV14+'J10'!AV14++'J11'!AV14+'J12'!AV14+'J13'!AV14+'J14'!AV14+'J15'!AV14+'J16'!AV14+'J17'!AV14+'J18'!AV14+'J19'!AV14+'J20'!AV14+'J21'!AV14+'J22'!AV14 -> 9 | AY14: ='J1'!AW14+'J2'!AW14+'J3'!AW14+'J4'!AW14+'J5'!AW14+'J6'!AW14+'J7'!AW14+'J8'!AW14+'J9'!AW14+'J10'!AW14++'J11'!AW14+'J12'!AW14+'J13'!AW14+'J14'!AW14+'J15'!AW14+'J16'!AW14+'J17'!AW14+'J18'!AW14+'J19'!AW14+'J20'!AW14+'J21'!AW14+'J22'!AW14 -> 2 | AZ14: ='J1'!AX14+'J2'!AX14+'J3'!AX14+'J4'!AX14+'J5'!AX14+'J6'!AX14+'J7'!AX14+'J8'!AX14+'J9'!AX14+'J10'!AX14++'J11'!AX14+'J12'!AX14+'J13'!AX14+'J14'!AX14+'J15'!AX14+'J16'!AX14+'J17'!AX14+'J18'!AX14+'J19'!AX14+'J20'!AX14+'J21'!AX14+'J22'!AX14 -> 2 | BA14: ='J1'!AY14+'J2'!AY14+'J3'!AY14+'J4'!AY14+'J5'!AY14+'J6'!AY14+'J7'!AY14+'J8'!AY14+'J9'!AY14+'J10'!AY14++'J11'!AY14+'J12'!AY14+'J13'!AY14+'J14'!AY14+'J15'!AY14+'J16'!AY14+'J17'!AY14+'J18'!AY14+'J19'!AY14+'J20'!AY14+'J21'!AY14+'J22'!AY14 -> 0 | BB14: ='J1'!AZ14+'J2'!AZ14+'J3'!AZ14+'J4'!AZ14+'J5'!AZ14+'J6'!AZ14+'J7'!AZ14+'J8'!AZ14+'J9'!AZ14+'J10'!AZ14++'J11'!AZ14+'J12'!AZ14+'J13'!AZ14+'J14'!AZ14+'J15'!AZ14+'J16'!AZ14+'J17'!AZ14+'J18'!AZ14+'J19'!AZ14+'J20'!AZ14+'J21'!AZ14+'J22'!AZ14 -> 0 | BC14: ='J1'!BA14+'J2'!BA14+'J3'!BA14+'J4'!BA14+'J5'!BA14+'J6'!BA14+'J7'!BA14+'J8'!BA14+'J9'!BA14+'J10'!BA14++'J11'!BA14+'J12'!BA14+'J13'!BA14+'J14'!BA14+'J15'!BA14+'J16'!BA14+'J17'!BA14+'J18'!BA14+'J19'!BA14+'J20'!BA14+'J21'!BA14+'J22'!BA14 -> 0 | BD14: ='J1'!BB14+'J2'!BB14+'J3'!BB14+'J4'!BB14+'J5'!BB14+'J6'!BB14+'J7'!BB14+'J8'!BB14+'J9'!BB14+'J10'!BB14++'J11'!BB14+'J12'!BB14+'J13'!BB14+'J14'!BB14+'J15'!BB14+'J16'!BB14+'J17'!BB14+'J18'!BB14+'J19'!BB14+'J20'!BB14+'J21'!BB14+'J22'!BB14 -> 0 | BE14: ='J1'!BC14+'J2'!BC14+'J3'!BC14+'J4'!BC14+'J5'!BC14+'J6'!BC14+'J7'!BC14+'J8'!BC14+'J9'!BC14+'J10'!BC14++'J11'!BC14+'J12'!BC14+'J13'!BC14+'J14'!BC14+'J15'!BC14+'J16'!BC14+'J17'!BC14+'J18'!BC14+'J19'!BC14+'J20'!BC14+'J21'!BC14+'J22'!BC14 -> 0 | ... BI14: ='J1'!BG14+'J2'!BG14+'J3'!BG14+'J4'!BG14+'J5'!BG14+'J6'!BG14+'J7'!BG14+'J8'!BG14+'J9'!BG14+'J10'!BG14++'J11'!BG14+'J12'!BG14+'J13'!BG14+'J14'!BG14+'J15'!BG14+'J16'!BG14+'J17'!BG14+'J18'!BG14+'J19'!BG14+'J20'!BG14+'J21'!BG14+'J22'!BG14 -> 0
F15: JOEL | H15: 8 | I15: 1 | J15: =('J1'!I15+'J2'!I15+'J3'!I15+'J4'!I14+'J5'!I15+'J6'!I15+'J7'!I15+'J8'!I15+'J9'!I15+'J10'!I15++'J11'!I15+'J12'!I15+'J13'!I15+'J14'!I15+'J15'!I15+'J16'!I15+'J17'!I15+'J18'!I15+'J19'!I15+'J20'!I15+'J21'!I15+'J22'!I15)/H15 -> 38.75 | K15: =J15/60 -> 0.64583333 | L15: =('J1'!J15+'J2'!J15+'J3'!J15+'J4'!J15+'J5'!J15+'J6'!J15+'J7'!J15+'J8'!J15+'J9'!J15+'J10'!J15++'J11'!J15+'J12'!J15+'J13'!J15+'J14'!J15+'J15'!J15+'J16'!J15+'J17'!J15+'J18'!J15+'J19'!J15+'J20'!J15+'J21'!J15+'J22'!J15)/$C$3 -> 0 | M15: =('J1'!K15+'J2'!K15+'J3'!K15+'J4'!K15+'J5'!K15+'J6'!K15+'J7'!K15+'J8'!K15+'J9'!K15+'J10'!K15++'J11'!K15+'J12'!K15+'J13'!K15+'J14'!K15+'J15'!K15+'J16'!K15+'J17'!K15+'J18'!K15+'J19'!K15+'J20'!K15+'J21'!K15+'J22'!K15)/$C$3 -> 0 | N15: =('J1'!L15+'J2'!L15+'J3'!L15+'J4'!L15+'J5'!L15+'J6'!L15+'J7'!L15+'J8'!L15+'J9'!L15+'J10'!L15+'J11'!L15+'J12'!L15+'J13'!L15+'J14'!L15+'J15'!L15+'J16'!L15+'J17'!L15+'J18'!L15+'J19'!L15+'J20'!L15+'J21'!L15+'J22'!L15)/$C$3 -> 1.3333333 | O15: =IFERROR(Q15/P15,"") -> 0.64788732 | P15: =SUM(T15:X15)+SUM(AG15:AJ15)+SUM(AM15:AP15)+SUM(AA15:AD15) -> 71 | Q15: =T15+AG15+AM15+AA15 -> 46 | R15: =IF(SUM(T15:X15)=0,"",T15/SUM(T15:X15)) -> 0.51724138 | S15: =SUM(T15:X15) -> 29 | T15: ='J1'!R15+'J2'!R15+'J3'!R15+'J4'!R15+'J5'!R15+'J6'!R15+'J7'!R15+'J8'!R15+'J9'!R15+'J10'!R15++'J11'!R15+'J12'!R15+'J13'!R15+'J14'!R15+'J15'!R15+'J16'!R15+'J17'!R15+'J18'!R15+'J19'!R15+'J20'!R15+'J21'!R15+'J22'!R15 -> 15 | U15: ='J1'!S15+'J2'!S15+'J3'!S15+'J4'!S15+'J5'!S15+'J6'!S15+'J7'!S15+'J8'!S15+'J9'!S15+'J10'!S15++'J11'!S15+'J12'!S15+'J13'!S15+'J14'!S15+'J15'!S15+'J16'!S15+'J17'!S15+'J18'!S15+'J19'!S15+'J20'!S15+'J21'!S15+'J22'!S15 -> 6 | V15: ='J1'!T15+'J2'!T15+'J3'!T15+'J4'!T15+'J5'!T15+'J6'!T15+'J7'!T15+'J8'!T15+'J9'!T15+'J10'!T15++'J11'!T15+'J12'!T15+'J13'!T15+'J14'!T15+'J15'!T15+'J16'!T15+'J17'!T15+'J18'!T15+'J19'!T15+'J20'!T15+'J21'!T15+'J22'!T15 -> 4 | W15: ='J1'!U15+'J2'!U15+'J3'!U15+'J4'!U15+'J5'!U15+'J6'!U15+'J7'!U15+'J8'!U15+'J9'!U15+'J10'!U15++'J11'!U15+'J12'!U15+'J13'!U15+'J14'!U15+'J15'!U15+'J16'!U15+'J17'!U15+'J18'!U15+'J19'!U15+'J20'!U15+'J21'!U15+'J22'!U15 -> 4 | X15: ='J1'!V15+'J2'!V15+'J3'!V15+'J4'!V15+'J5'!V15+'J6'!V15+'J7'!V15+'J8'!V15+'J9'!V15+'J10'!V15++'J11'!V15+'J12'!V15+'J13'!V15+'J14'!V15+'J15'!V15+'J16'!V15+'J17'!V15+'J18'!V15+'J19'!V15+'J20'!V15+'J21'!V15+'J22'!V15 -> 0 | Y15: =IFERROR(AA15/SUM(AA15:AD15), "") -> 0.75 | Z15: =SUM(AA15:AD15) -> 4 | AA15: ='J1'!Y15+'J2'!Y15+'J3'!Y15+'J4'!Y15+'J5'!Y15+'J6'!Y15+'J7'!Y15+'J8'!Y15+'J9'!Y15+'J10'!Y15++'J11'!Y15+'J12'!Y15+'J13'!Y15+'J14'!Y15+'J15'!Y15+'J16'!Y15+'J17'!Y15+'J18'!Y15+'J19'!Y15+'J20'!Y15+'J21'!Y15+'J22'!Y15 -> 3 | AB15: ='J1'!Z15+'J2'!Z15+'J3'!Z15+'J4'!Z15+'J5'!Z15+'J6'!Z15+'J7'!Z15+'J8'!Z15+'J9'!Z15+'J10'!Z15++'J11'!Z15+'J12'!Z15+'J13'!Z15+'J14'!Z15+'J15'!Z15+'J16'!Z15+'J17'!Z15+'J18'!Z15+'J19'!Z15+'J20'!Z15+'J21'!Z15+'J22'!Z15 -> 0 | AC15: ='J1'!AA15+'J2'!AA15+'J3'!AA15+'J4'!AA15+'J5'!AA15+'J6'!AA15+'J7'!AA15+'J8'!AA15+'J9'!AA15+'J10'!AA15++'J11'!AA15+'J12'!AA15+'J13'!AA15+'J14'!AA15+'J15'!AA15+'J16'!AA15+'J17'!AA15+'J18'!AA15+'J19'!AA15+'J20'!AA15+'J21'!AA15+'J22'!AA15 -> 0 | AD15: ='J1'!AB15+'J2'!AB15+'J3'!AB15+'J4'!AB15+'J5'!AB15+'J6'!AB15+'J7'!AB15+'J8'!AB15+'J9'!AB15+'J10'!AB15++'J11'!AB15+'J12'!AB15+'J13'!AB15+'J14'!AB15+'J15'!AB15+'J16'!AB15+'J17'!AB15+'J18'!AB15+'J19'!AB15+'J20'!AB15+'J21'!AB15+'J22'!AB15 -> 1 | AE15: =IFERROR(AG15/SUM(AG15:AJ15), "") -> 0.73529412 | AF15: =SUM(AG15:AJ15) -> 34 | AG15: ='J1'!AE15+'J2'!AE15+'J3'!AE15+'J4'!AE15+'J5'!AE15+'J6'!AE15+'J7'!AE15+'J8'!AE15+'J9'!AE15+'J10'!AE15++'J11'!AE15+'J12'!AE15+'J13'!AE15+'J14'!AE15+'J15'!AE15+'J16'!AE15+'J17'!AE15+'J18'!AE15+'J19'!AE15+'J20'!AE15+'J21'!AE15+'J22'!AE15 -> 25 | AH15: ='J1'!AF15+'J2'!AF15+'J3'!AF15+'J4'!AF15+'J5'!AF15+'J6'!AF15+'J7'!AF15+'J8'!AF15+'J9'!AF15+'J10'!AF15++'J11'!AF15+'J12'!AF15+'J13'!AF15+'J14'!AF15+'J15'!AF15+'J16'!AF15+'J17'!AF15+'J18'!AF15+'J19'!AF15+'J20'!AF15+'J21'!AF15+'J22'!AF15 -> 3 | AI15: ='J1'!AG15+'J2'!AG15+'J3'!AG15+'J4'!AG15+'J5'!AG15+'J6'!AG15+'J7'!AG15+'J8'!AG15+'J9'!AG15+'J10'!AG15++'J11'!AG15+'J12'!AG15+'J13'!AG15+'J14'!AG15+'J15'!AG15+'J16'!AG15+'J17'!AG15+'J18'!AG15+'J19'!AG15+'J20'!AG15+'J21'!AG15+'J22'!AG15 -> 1 | AJ15: ='J1'!AH15+'J2'!AH15+'J3'!AH15+'J4'!AH15+'J5'!AH15+'J6'!AH15+'J7'!AH15+'J8'!AH15+'J9'!AH15+'J10'!AH15++'J11'!AH15+'J12'!AH15+'J13'!AH15+'J14'!AH15+'J15'!AH15+'J16'!AH15+'J17'!AH15+'J18'!AH15+'J19'!AH15+'J20'!AH15+'J21'!AH15+'J22'!AH15 -> 5 | AK15: =IFERROR(AM15/SUM(AM15:AP15), "") -> 0.75 | AL15: =SUM(AM15:AP15) -> 4 | AM15: ='J1'!AK15+'J2'!AK15+'J3'!AK15+'J4'!AK15+'J5'!AK15+'J6'!AK15+'J7'!AK15+'J8'!AK15+'J9'!AK15+'J10'!AK15++'J11'!AK15+'J12'!AK15+'J13'!AK15+'J14'!AK15+'J15'!AK15+'J16'!AK15+'J17'!AK15+'J18'!AK15+'J19'!AK15+'J20'!AK15+'J21'!AK15+'J22'!AK15 -> 3 | AN15: ='J1'!AL15+'J2'!AL15+'J3'!AL15+'J4'!AL15+'J5'!AL15+'J6'!AL15+'J7'!AL15+'J8'!AL15+'J9'!AL15+'J10'!AL15++'J11'!AL15+'J12'!AL15+'J13'!AL15+'J14'!AL15+'J15'!AL15+'J16'!AL15+'J17'!AL15+'J18'!AL15+'J19'!AL15+'J20'!AL15+'J21'!AL15+'J22'!AL15 -> 1 | AO15: ='J1'!AM15+'J2'!AM15+'J3'!AM15+'J4'!AM15+'J5'!AM15+'J6'!AM15+'J7'!AM15+'J8'!AM15+'J9'!AM15+'J10'!AM15++'J11'!AM15+'J12'!AM15+'J13'!AM15+'J14'!AM15+'J15'!AM15+'J16'!AM15+'J17'!AM15+'J18'!AM15+'J19'!AM15+'J20'!AM15+'J21'!AM15+'J22'!AM15 -> 0 | AP15: ='J1'!AN15+'J2'!AN15+'J3'!AN15+'J4'!AN15+'J5'!AN15+'J6'!AN15+'J7'!AN15+'J8'!AN15+'J9'!AN15+'J10'!AN15++'J11'!AN15+'J12'!AN15+'J13'!AN15+'J14'!AN15+'J15'!AN15+'J16'!AN15+'J17'!AN15+'J18'!AN15+'J19'!AN15+'J20'!AN15+'J21'!AN15+'J22'!AN15 -> 0 | AQ15: =SUM(AR15:AV15) -> 7 | AR15: ='J1'!AP15+'J2'!AP15+'J3'!AP15+'J4'!AP15+'J5'!AP15+'J6'!AP15+'J7'!AP15+'J8'!AP15+'J9'!AP15+'J10'!AP15++'J11'!AP15+'J12'!AP15+'J13'!AP15+'J14'!AP15+'J15'!AP15+'J16'!AP15+'J17'!AP15+'J18'!AP15+'J19'!AP15+'J20'!AP15+'J21'!AP15+'J22'!AP15 -> 0 | AS15: ='J1'!AQ15+'J2'!AQ15+'J3'!AQ15+'J4'!AQ15+'J5'!AQ15+'J6'!AQ15+'J7'!AQ15+'J8'!AQ15+'J9'!AQ15+'J10'!AQ15++'J11'!AQ15+'J12'!AQ15+'J13'!AQ15+'J14'!AQ15+'J15'!AQ15+'J16'!AQ15+'J17'!AQ15+'J18'!AQ15+'J19'!AQ15+'J20'!AQ15+'J21'!AQ15+'J22'!AQ15 -> 0 | AT15: ='J1'!AR15+'J2'!AR15+'J3'!AR15+'J4'!AR15+'J5'!AR15+'J6'!AR15+'J7'!AR15+'J8'!AR15+'J9'!AR15+'J10'!AR15++'J11'!AR15+'J12'!AR15+'J13'!AR15+'J14'!AR15+'J15'!AR15+'J16'!AR15+'J17'!AR15+'J18'!AR15+'J19'!AR15+'J20'!AR15+'J21'!AR15+'J22'!AR15 -> 5 | AU15: ='J1'!AS15+'J2'!AS15+'J3'!AS15+'J4'!AS15+'J5'!AS15+'J6'!AS15+'J7'!AS15+'J8'!AS15+'J9'!AS15+'J10'!AS15++'J11'!AS15+'J12'!AS15+'J13'!AS15+'J14'!AS15+'J15'!AS15+'J16'!AS15+'J17'!AS15+'J18'!AS15+'J19'!AS15+'J20'!AS15+'J21'!AS15+'J22'!AS15 -> 1 | AV15: ='J1'!AT15+'J2'!AT15+'J3'!AT15+'J4'!AT15+'J5'!AT15+'J6'!AT15+'J7'!AT15+'J8'!AT15+'J9'!AT15+'J10'!AT15++'J11'!AT15+'J12'!AT15+'J13'!AT15+'J14'!AT15+'J15'!AT15+'J16'!AT15+'J17'!AT15+'J18'!AT15+'J19'!AT15+'J20'!AT15+'J21'!AT15+'J22'!AT15 -> 1 | AW15: =AX15+AY15+AZ15+BA15+BB15+BC15+BD15+0.5*BE15+BF15+BG15+2*BH15+2*BI15 -> 13 | AX15: ='J1'!AV15+'J2'!AV15+'J3'!AV15+'J4'!AV15+'J5'!AV15+'J6'!AV15+'J7'!AV15+'J8'!AV15+'J9'!AV15+'J10'!AV15++'J11'!AV15+'J12'!AV15+'J13'!AV15+'J14'!AV15+'J15'!AV15+'J16'!AV15+'J17'!AV15+'J18'!AV15+'J19'!AV15+'J20'!AV15+'J21'!AV15+'J22'!AV15 -> 9 | AY15: ='J1'!AW15+'J2'!AW15+'J3'!AW15+'J4'!AW15+'J5'!AW15+'J6'!AW15+'J7'!AW15+'J8'!AW15+'J9'!AW15+'J10'!AW15++'J11'!AW15+'J12'!AW15+'J13'!AW15+'J14'!AW15+'J15'!AW15+'J16'!AW15+'J17'!AW15+'J18'!AW15+'J19'!AW15+'J20'!AW15+'J21'!AW15+'J22'!AW15 -> 0 | AZ15: ='J1'!AX15+'J2'!AX15+'J3'!AX15+'J4'!AX15+'J5'!AX15+'J6'!AX15+'J7'!AX15+'J8'!AX15+'J9'!AX15+'J10'!AX15++'J11'!AX15+'J12'!AX15+'J13'!AX15+'J14'!AX15+'J15'!AX15+'J16'!AX15+'J17'!AX15+'J18'!AX15+'J19'!AX15+'J20'!AX15+'J21'!AX15+'J22'!AX15 -> 0 | BA15: ='J1'!AY15+'J2'!AY15+'J3'!AY15+'J4'!AY15+'J5'!AY15+'J6'!AY15+'J7'!AY15+'J8'!AY15+'J9'!AY15+'J10'!AY15++'J11'!AY15+'J12'!AY15+'J13'!AY15+'J14'!AY15+'J15'!AY15+'J16'!AY15+'J17'!AY15+'J18'!AY15+'J19'!AY15+'J20'!AY15+'J21'!AY15+'J22'!AY15 -> 1 | BB15: ='J1'!AZ15+'J2'!AZ15+'J3'!AZ15+'J4'!AZ15+'J5'!AZ15+'J6'!AZ15+'J7'!AZ15+'J8'!AZ15+'J9'!AZ15+'J10'!AZ15++'J11'!AZ15+'J12'!AZ15+'J13'!AZ15+'J14'!AZ15+'J15'!AZ15+'J16'!AZ15+'J17'!AZ15+'J18'!AZ15+'J19'!AZ15+'J20'!AZ15+'J21'!AZ15+'J22'!AZ15 -> 2 | BC15: ='J1'!BA15+'J2'!BA15+'J3'!BA15+'J4'!BA15+'J5'!BA15+'J6'!BA15+'J7'!BA15+'J8'!BA15+'J9'!BA15+'J10'!BA15++'J11'!BA15+'J12'!BA15+'J13'!BA15+'J14'!BA15+'J15'!BA15+'J16'!BA15+'J17'!BA15+'J18'!BA15+'J19'!BA15+'J20'!BA15+'J21'!BA15+'J22'!BA15 -> 0 | BD15: ='J1'!BB15+'J2'!BB15+'J3'!BB15+'J4'!BB15+'J5'!BB15+'J6'!BB15+'J7'!BB15+'J8'!BB15+'J9'!BB15+'J10'!BB15++'J11'!BB15+'J12'!BB15+'J13'!BB15+'J14'!BB15+'J15'!BB15+'J16'!BB15+'J17'!BB15+'J18'!BB15+'J19'!BB15+'J20'!BB15+'J21'!BB15+'J22'!BB15 -> 0 | BE15: ='J1'!BC15+'J2'!BC15+'J3'!BC15+'J4'!BC15+'J5'!BC15+'J6'!BC15+'J7'!BC15+'J8'!BC15+'J9'!BC15+'J10'!BC15++'J11'!BC15+'J12'!BC15+'J13'!BC15+'J14'!BC15+'J15'!BC15+'J16'!BC15+'J17'!BC15+'J18'!BC15+'J19'!BC15+'J20'!BC15+'J21'!BC15+'J22'!BC15 -> 0 | ... BI15: ='J1'!BG15+'J2'!BG15+'J3'!BG15+'J4'!BG15+'J5'!BG15+'J6'!BG15+'J7'!BG15+'J8'!BG15+'J9'!BG15+'J10'!BG15++'J11'!BG15+'J12'!BG15+'J13'!BG15+'J14'!BG15+'J15'!BG15+'J16'!BG15+'J17'!BG15+'J18'!BG15+'J19'!BG15+'J20'!BG15+'J21'!BG15+'J22'!BG15 -> 0
F16: LUIS | H16: 9 | I16: 0 | J16: =('J1'!I16+'J2'!I16+'J3'!I16+'J4'!I15+'J5'!I16+'J6'!I16+'J7'!I16+'J8'!I16+'J9'!I16+'J10'!I16++'J11'!I16+'J12'!I16+'J13'!I16+'J14'!I16+'J15'!I16+'J16'!I16+'J17'!I16+'J18'!I16+'J19'!I16+'J20'!I16+'J21'!I16+'J22'!I16)/H16 -> 45.444444 | K16: =J16/60 -> 0.75740741 | L16: =('J1'!J16+'J2'!J16+'J3'!J16+'J4'!J16+'J5'!J16+'J6'!J16+'J7'!J16+'J8'!J16+'J9'!J16+'J10'!J16++'J11'!J16+'J12'!J16+'J13'!J16+'J14'!J16+'J15'!J16+'J16'!J16+'J17'!J16+'J18'!J16+'J19'!J16+'J20'!J16+'J21'!J16+'J22'!J16)/$C$3 -> 0 | M16: =('J1'!K16+'J2'!K16+'J3'!K16+'J4'!K16+'J5'!K16+'J6'!K16+'J7'!K16+'J8'!K16+'J9'!K16+'J10'!K16++'J11'!K16+'J12'!K16+'J13'!K16+'J14'!K16+'J15'!K16+'J16'!K16+'J17'!K16+'J18'!K16+'J19'!K16+'J20'!K16+'J21'!K16+'J22'!K16)/$C$3 -> 0 | N16: =('J1'!L16+'J2'!L16+'J3'!L16+'J4'!L16+'J5'!L16+'J6'!L16+'J7'!L16+'J8'!L16+'J9'!L16+'J10'!L16+'J11'!L16+'J12'!L16+'J13'!L16+'J14'!L16+'J15'!L16+'J16'!L16+'J17'!L16+'J18'!L16+'J19'!L16+'J20'!L16+'J21'!L16+'J22'!L16)/$C$3 -> 1.3333333 | O16: =IFERROR(Q16/P16,"") -> 0.71428571 | P16: =SUM(T16:X16)+SUM(AG16:AJ16)+SUM(AM16:AP16)+SUM(AA16:AD16) -> 42 | Q16: =T16+AG16+AM16+AA16 -> 30 | R16: =IF(SUM(T16:X16)=0,"",T16/SUM(T16:X16)) -> 0.5 | S16: =SUM(T16:X16) -> 2 | T16: ='J1'!R16+'J2'!R16+'J3'!R16+'J4'!R16+'J5'!R16+'J6'!R16+'J7'!R16+'J8'!R16+'J9'!R16+'J10'!R16++'J11'!R16+'J12'!R16+'J13'!R16+'J14'!R16+'J15'!R16+'J16'!R16+'J17'!R16+'J18'!R16+'J19'!R16+'J20'!R16+'J21'!R16+'J22'!R16 -> 1 | U16: ='J1'!S16+'J2'!S16+'J3'!S16+'J4'!S16+'J5'!S16+'J6'!S16+'J7'!S16+'J8'!S16+'J9'!S16+'J10'!S16++'J11'!S16+'J12'!S16+'J13'!S16+'J14'!S16+'J15'!S16+'J16'!S16+'J17'!S16+'J18'!S16+'J19'!S16+'J20'!S16+'J21'!S16+'J22'!S16 -> 1 | V16: ='J1'!T16+'J2'!T16+'J3'!T16+'J4'!T16+'J5'!T16+'J6'!T16+'J7'!T16+'J8'!T16+'J9'!T16+'J10'!T16++'J11'!T16+'J12'!T16+'J13'!T16+'J14'!T16+'J15'!T16+'J16'!T16+'J17'!T16+'J18'!T16+'J19'!T16+'J20'!T16+'J21'!T16+'J22'!T16 -> 0 | W16: ='J1'!U16+'J2'!U16+'J3'!U16+'J4'!U16+'J5'!U16+'J6'!U16+'J7'!U16+'J8'!U16+'J9'!U16+'J10'!U16++'J11'!U16+'J12'!U16+'J13'!U16+'J14'!U16+'J15'!U16+'J16'!U16+'J17'!U16+'J18'!U16+'J19'!U16+'J20'!U16+'J21'!U16+'J22'!U16 -> 0 | X16: ='J1'!V16+'J2'!V16+'J3'!V16+'J4'!V16+'J5'!V16+'J6'!V16+'J7'!V16+'J8'!V16+'J9'!V16+'J10'!V16++'J11'!V16+'J12'!V16+'J13'!V16+'J14'!V16+'J15'!V16+'J16'!V16+'J17'!V16+'J18'!V16+'J19'!V16+'J20'!V16+'J21'!V16+'J22'!V16 -> 0 | Y16: =IFERROR(AA16/SUM(AA16:AD16), "") -> 0.69230769 | Z16: =SUM(AA16:AD16) -> 13 | AA16: ='J1'!Y16+'J2'!Y16+'J3'!Y16+'J4'!Y16+'J5'!Y16+'J6'!Y16+'J7'!Y16+'J8'!Y16+'J9'!Y16+'J10'!Y16++'J11'!Y16+'J12'!Y16+'J13'!Y16+'J14'!Y16+'J15'!Y16+'J16'!Y16+'J17'!Y16+'J18'!Y16+'J19'!Y16+'J20'!Y16+'J21'!Y16+'J22'!Y16 -> 9 | AB16: ='J1'!Z16+'J2'!Z16+'J3'!Z16+'J4'!Z16+'J5'!Z16+'J6'!Z16+'J7'!Z16+'J8'!Z16+'J9'!Z16+'J10'!Z16++'J11'!Z16+'J12'!Z16+'J13'!Z16+'J14'!Z16+'J15'!Z16+'J16'!Z16+'J17'!Z16+'J18'!Z16+'J19'!Z16+'J20'!Z16+'J21'!Z16+'J22'!Z16 -> 2 | AC16: ='J1'!AA16+'J2'!AA16+'J3'!AA16+'J4'!AA16+'J5'!AA16+'J6'!AA16+'J7'!AA16+'J8'!AA16+'J9'!AA16+'J10'!AA16++'J11'!AA16+'J12'!AA16+'J13'!AA16+'J14'!AA16+'J15'!AA16+'J16'!AA16+'J17'!AA16+'J18'!AA16+'J19'!AA16+'J20'!AA16+'J21'!AA16+'J22'!AA16 -> 0 | AD16: ='J1'!AB16+'J2'!AB16+'J3'!AB16+'J4'!AB16+'J5'!AB16+'J6'!AB16+'J7'!AB16+'J8'!AB16+'J9'!AB16+'J10'!AB16++'J11'!AB16+'J12'!AB16+'J13'!AB16+'J14'!AB16+'J15'!AB16+'J16'!AB16+'J17'!AB16+'J18'!AB16+'J19'!AB16+'J20'!AB16+'J21'!AB16+'J22'!AB16 -> 2 | AE16: =IFERROR(AG16/SUM(AG16:AJ16), "") -> 0.73076923 | AF16: =SUM(AG16:AJ16) -> 26 | AG16: ='J1'!AE16+'J2'!AE16+'J3'!AE16+'J4'!AE16+'J5'!AE16+'J6'!AE16+'J7'!AE16+'J8'!AE16+'J9'!AE16+'J10'!AE16++'J11'!AE16+'J12'!AE16+'J13'!AE16+'J14'!AE16+'J15'!AE16+'J16'!AE16+'J17'!AE16+'J18'!AE16+'J19'!AE16+'J20'!AE16+'J21'!AE16+'J22'!AE16 -> 19 | AH16: ='J1'!AF16+'J2'!AF16+'J3'!AF16+'J4'!AF16+'J5'!AF16+'J6'!AF16+'J7'!AF16+'J8'!AF16+'J9'!AF16+'J10'!AF16++'J11'!AF16+'J12'!AF16+'J13'!AF16+'J14'!AF16+'J15'!AF16+'J16'!AF16+'J17'!AF16+'J18'!AF16+'J19'!AF16+'J20'!AF16+'J21'!AF16+'J22'!AF16 -> 5 | AI16: ='J1'!AG16+'J2'!AG16+'J3'!AG16+'J4'!AG16+'J5'!AG16+'J6'!AG16+'J7'!AG16+'J8'!AG16+'J9'!AG16+'J10'!AG16++'J11'!AG16+'J12'!AG16+'J13'!AG16+'J14'!AG16+'J15'!AG16+'J16'!AG16+'J17'!AG16+'J18'!AG16+'J19'!AG16+'J20'!AG16+'J21'!AG16+'J22'!AG16 -> 1 | AJ16: ='J1'!AH16+'J2'!AH16+'J3'!AH16+'J4'!AH16+'J5'!AH16+'J6'!AH16+'J7'!AH16+'J8'!AH16+'J9'!AH16+'J10'!AH16++'J11'!AH16+'J12'!AH16+'J13'!AH16+'J14'!AH16+'J15'!AH16+'J16'!AH16+'J17'!AH16+'J18'!AH16+'J19'!AH16+'J20'!AH16+'J21'!AH16+'J22'!AH16 -> 1 | AK16: =IFERROR(AM16/SUM(AM16:AP16), "") -> 1 | AL16: =SUM(AM16:AP16) -> 1 | AM16: ='J1'!AK16+'J2'!AK16+'J3'!AK16+'J4'!AK16+'J5'!AK16+'J6'!AK16+'J7'!AK16+'J8'!AK16+'J9'!AK16+'J10'!AK16++'J11'!AK16+'J12'!AK16+'J13'!AK16+'J14'!AK16+'J15'!AK16+'J16'!AK16+'J17'!AK16+'J18'!AK16+'J19'!AK16+'J20'!AK16+'J21'!AK16+'J22'!AK16 -> 1 | AN16: ='J1'!AL16+'J2'!AL16+'J3'!AL16+'J4'!AL16+'J5'!AL16+'J6'!AL16+'J7'!AL16+'J8'!AL16+'J9'!AL16+'J10'!AL16++'J11'!AL16+'J12'!AL16+'J13'!AL16+'J14'!AL16+'J15'!AL16+'J16'!AL16+'J17'!AL16+'J18'!AL16+'J19'!AL16+'J20'!AL16+'J21'!AL16+'J22'!AL16 -> 0 | AO16: ='J1'!AM16+'J2'!AM16+'J3'!AM16+'J4'!AM16+'J5'!AM16+'J6'!AM16+'J7'!AM16+'J8'!AM16+'J9'!AM16+'J10'!AM16++'J11'!AM16+'J12'!AM16+'J13'!AM16+'J14'!AM16+'J15'!AM16+'J16'!AM16+'J17'!AM16+'J18'!AM16+'J19'!AM16+'J20'!AM16+'J21'!AM16+'J22'!AM16 -> 0 | AP16: ='J1'!AN16+'J2'!AN16+'J3'!AN16+'J4'!AN16+'J5'!AN16+'J6'!AN16+'J7'!AN16+'J8'!AN16+'J9'!AN16+'J10'!AN16++'J11'!AN16+'J12'!AN16+'J13'!AN16+'J14'!AN16+'J15'!AN16+'J16'!AN16+'J17'!AN16+'J18'!AN16+'J19'!AN16+'J20'!AN16+'J21'!AN16+'J22'!AN16 -> 0 | AQ16: =SUM(AR16:AV16) -> 11 | AR16: ='J1'!AP16+'J2'!AP16+'J3'!AP16+'J4'!AP16+'J5'!AP16+'J6'!AP16+'J7'!AP16+'J8'!AP16+'J9'!AP16+'J10'!AP16++'J11'!AP16+'J12'!AP16+'J13'!AP16+'J14'!AP16+'J15'!AP16+'J16'!AP16+'J17'!AP16+'J18'!AP16+'J19'!AP16+'J20'!AP16+'J21'!AP16+'J22'!AP16 -> 0 | AS16: ='J1'!AQ16+'J2'!AQ16+'J3'!AQ16+'J4'!AQ16+'J5'!AQ16+'J6'!AQ16+'J7'!AQ16+'J8'!AQ16+'J9'!AQ16+'J10'!AQ16++'J11'!AQ16+'J12'!AQ16+'J13'!AQ16+'J14'!AQ16+'J15'!AQ16+'J16'!AQ16+'J17'!AQ16+'J18'!AQ16+'J19'!AQ16+'J20'!AQ16+'J21'!AQ16+'J22'!AQ16 -> 0 | AT16: ='J1'!AR16+'J2'!AR16+'J3'!AR16+'J4'!AR16+'J5'!AR16+'J6'!AR16+'J7'!AR16+'J8'!AR16+'J9'!AR16+'J10'!AR16++'J11'!AR16+'J12'!AR16+'J13'!AR16+'J14'!AR16+'J15'!AR16+'J16'!AR16+'J17'!AR16+'J18'!AR16+'J19'!AR16+'J20'!AR16+'J21'!AR16+'J22'!AR16 -> 7 | AU16: ='J1'!AS16+'J2'!AS16+'J3'!AS16+'J4'!AS16+'J5'!AS16+'J6'!AS16+'J7'!AS16+'J8'!AS16+'J9'!AS16+'J10'!AS16++'J11'!AS16+'J12'!AS16+'J13'!AS16+'J14'!AS16+'J15'!AS16+'J16'!AS16+'J17'!AS16+'J18'!AS16+'J19'!AS16+'J20'!AS16+'J21'!AS16+'J22'!AS16 -> 1 | AV16: ='J1'!AT16+'J2'!AT16+'J3'!AT16+'J4'!AT16+'J5'!AT16+'J6'!AT16+'J7'!AT16+'J8'!AT16+'J9'!AT16+'J10'!AT16++'J11'!AT16+'J12'!AT16+'J13'!AT16+'J14'!AT16+'J15'!AT16+'J16'!AT16+'J17'!AT16+'J18'!AT16+'J19'!AT16+'J20'!AT16+'J21'!AT16+'J22'!AT16 -> 3 | AW16: =AX16+AY16+AZ16+BA16+BB16+BC16+BD16+0.5*BE16+BF16+BG16+2*BH16+2*BI16 -> 5 | AX16: ='J1'!AV16+'J2'!AV16+'J3'!AV16+'J4'!AV16+'J5'!AV16+'J6'!AV16+'J7'!AV16+'J8'!AV16+'J9'!AV16+'J10'!AV16++'J11'!AV16+'J12'!AV16+'J13'!AV16+'J14'!AV16+'J15'!AV16+'J16'!AV16+'J17'!AV16+'J18'!AV16+'J19'!AV16+'J20'!AV16+'J21'!AV16+'J22'!AV16 -> 1 | AY16: ='J1'!AW16+'J2'!AW16+'J3'!AW16+'J4'!AW16+'J5'!AW16+'J6'!AW16+'J7'!AW16+'J8'!AW16+'J9'!AW16+'J10'!AW16++'J11'!AW16+'J12'!AW16+'J13'!AW16+'J14'!AW16+'J15'!AW16+'J16'!AW16+'J17'!AW16+'J18'!AW16+'J19'!AW16+'J20'!AW16+'J21'!AW16+'J22'!AW16 -> 4 | AZ16: ='J1'!AX16+'J2'!AX16+'J3'!AX16+'J4'!AX16+'J5'!AX16+'J6'!AX16+'J7'!AX16+'J8'!AX16+'J9'!AX16+'J10'!AX16++'J11'!AX16+'J12'!AX16+'J13'!AX16+'J14'!AX16+'J15'!AX16+'J16'!AX16+'J17'!AX16+'J18'!AX16+'J19'!AX16+'J20'!AX16+'J21'!AX16+'J22'!AX16 -> 0 | BA16: ='J1'!AY16+'J2'!AY16+'J3'!AY16+'J4'!AY16+'J5'!AY16+'J6'!AY16+'J7'!AY16+'J8'!AY16+'J9'!AY16+'J10'!AY16++'J11'!AY16+'J12'!AY16+'J13'!AY16+'J14'!AY16+'J15'!AY16+'J16'!AY16+'J17'!AY16+'J18'!AY16+'J19'!AY16+'J20'!AY16+'J21'!AY16+'J22'!AY16 -> 0 | BB16: ='J1'!AZ16+'J2'!AZ16+'J3'!AZ16+'J4'!AZ16+'J5'!AZ16+'J6'!AZ16+'J7'!AZ16+'J8'!AZ16+'J9'!AZ16+'J10'!AZ16++'J11'!AZ16+'J12'!AZ16+'J13'!AZ16+'J14'!AZ16+'J15'!AZ16+'J16'!AZ16+'J17'!AZ16+'J18'!AZ16+'J19'!AZ16+'J20'!AZ16+'J21'!AZ16+'J22'!AZ16 -> 0 | BC16: ='J1'!BA16+'J2'!BA16+'J3'!BA16+'J4'!BA16+'J5'!BA16+'J6'!BA16+'J7'!BA16+'J8'!BA16+'J9'!BA16+'J10'!BA16++'J11'!BA16+'J12'!BA16+'J13'!BA16+'J14'!BA16+'J15'!BA16+'J16'!BA16+'J17'!BA16+'J18'!BA16+'J19'!BA16+'J20'!BA16+'J21'!BA16+'J22'!BA16 -> 0 | BD16: ='J1'!BB16+'J2'!BB16+'J3'!BB16+'J4'!BB16+'J5'!BB16+'J6'!BB16+'J7'!BB16+'J8'!BB16+'J9'!BB16+'J10'!BB16++'J11'!BB16+'J12'!BB16+'J13'!BB16+'J14'!BB16+'J15'!BB16+'J16'!BB16+'J17'!BB16+'J18'!BB16+'J19'!BB16+'J20'!BB16+'J21'!BB16+'J22'!BB16 -> 0 | BE16: ='J1'!BC16+'J2'!BC16+'J3'!BC16+'J4'!BC16+'J5'!BC16+'J6'!BC16+'J7'!BC16+'J8'!BC16+'J9'!BC16+'J10'!BC16++'J11'!BC16+'J12'!BC16+'J13'!BC16+'J14'!BC16+'J15'!BC16+'J16'!BC16+'J17'!BC16+'J18'!BC16+'J19'!BC16+'J20'!BC16+'J21'!BC16+'J22'!BC16 -> 0 | ... BI16: ='J1'!BG16+'J2'!BG16+'J3'!BG16+'J4'!BG16+'J5'!BG16+'J6'!BG16+'J7'!BG16+'J8'!BG16+'J9'!BG16+'J10'!BG16++'J11'!BG16+'J12'!BG16+'J13'!BG16+'J14'!BG16+'J15'!BG16+'J16'!BG16+'J17'!BG16+'J18'!BG16+'J19'!BG16+'J20'!BG16+'J21'!BG16+'J22'!BG16 -> 0
F17: MARCOS | H17: 9 | I17: 0 | J17: =('J1'!I17+'J2'!I17+'J3'!I17+'J4'!I16+'J5'!I17+'J6'!I17+'J7'!I17+'J8'!I17+'J9'!I17+'J10'!I17++'J11'!I17+'J12'!I17+'J13'!I17+'J14'!I17+'J15'!I17+'J16'!I17+'J17'!I17+'J18'!I17+'J19'!I17+'J20'!I17+'J21'!I17+'J22'!I17)/H17 -> 46 | K17: =J17/60 -> 0.76666667 | L17: =('J1'!J17+'J2'!J17+'J3'!J17+'J4'!J17+'J5'!J17+'J6'!J17+'J7'!J17+'J8'!J17+'J9'!J17+'J10'!J17++'J11'!J17+'J12'!J17+'J13'!J17+'J14'!J17+'J15'!J17+'J16'!J17+'J17'!J17+'J18'!J17+'J19'!J17+'J20'!J17+'J21'!J17+'J22'!J17)/$C$3 -> 0 | M17: =('J1'!K17+'J2'!K17+'J3'!K17+'J4'!K17+'J5'!K17+'J6'!K17+'J7'!K17+'J8'!K17+'J9'!K17+'J10'!K17++'J11'!K17+'J12'!K17+'J13'!K17+'J14'!K17+'J15'!K17+'J16'!K17+'J17'!K17+'J18'!K17+'J19'!K17+'J20'!K17+'J21'!K17+'J22'!K17)/$C$3 -> 0 | N17: =('J1'!L17+'J2'!L17+'J3'!L17+'J4'!L17+'J5'!L17+'J6'!L17+'J7'!L17+'J8'!L17+'J9'!L17+'J10'!L17+'J11'!L17+'J12'!L17+'J13'!L17+'J14'!L17+'J15'!L17+'J16'!L17+'J17'!L17+'J18'!L17+'J19'!L17+'J20'!L17+'J21'!L17+'J22'!L17)/$C$3 -> 1.5555556 | O17: =IFERROR(Q17/P17,"") -> 0.70588235 | P17: =SUM(T17:X17)+SUM(AG17:AJ17)+SUM(AM17:AP17)+SUM(AA17:AD17) -> 51 | Q17: =T17+AG17+AM17+AA17 -> 36 | R17: =IF(SUM(T17:X17)=0,"",T17/SUM(T17:X17)) | S17: =SUM(T17:X17) -> 0 | T17: ='J1'!R17+'J2'!R17+'J3'!R17+'J4'!R17+'J5'!R17+'J6'!R17+'J7'!R17+'J8'!R17+'J9'!R17+'J10'!R17++'J11'!R17+'J12'!R17+'J13'!R17+'J14'!R17+'J15'!R17+'J16'!R17+'J17'!R17+'J18'!R17+'J19'!R17+'J20'!R17+'J21'!R17+'J22'!R17 -> 0 | U17: ='J1'!S17+'J2'!S17+'J3'!S17+'J4'!S17+'J5'!S17+'J6'!S17+'J7'!S17+'J8'!S17+'J9'!S17+'J10'!S17++'J11'!S17+'J12'!S17+'J13'!S17+'J14'!S17+'J15'!S17+'J16'!S17+'J17'!S17+'J18'!S17+'J19'!S17+'J20'!S17+'J21'!S17+'J22'!S17 -> 0 | V17: ='J1'!T17+'J2'!T17+'J3'!T17+'J4'!T17+'J5'!T17+'J6'!T17+'J7'!T17+'J8'!T17+'J9'!T17+'J10'!T17++'J11'!T17+'J12'!T17+'J13'!T17+'J14'!T17+'J15'!T17+'J16'!T17+'J17'!T17+'J18'!T17+'J19'!T17+'J20'!T17+'J21'!T17+'J22'!T17 -> 0 | W17: ='J1'!U17+'J2'!U17+'J3'!U17+'J4'!U17+'J5'!U17+'J6'!U17+'J7'!U17+'J8'!U17+'J9'!U17+'J10'!U17++'J11'!U17+'J12'!U17+'J13'!U17+'J14'!U17+'J15'!U17+'J16'!U17+'J17'!U17+'J18'!U17+'J19'!U17+'J20'!U17+'J21'!U17+'J22'!U17 -> 0 | X17: ='J1'!V17+'J2'!V17+'J3'!V17+'J4'!V17+'J5'!V17+'J6'!V17+'J7'!V17+'J8'!V17+'J9'!V17+'J10'!V17++'J11'!V17+'J12'!V17+'J13'!V17+'J14'!V17+'J15'!V17+'J16'!V17+'J17'!V17+'J18'!V17+'J19'!V17+'J20'!V17+'J21'!V17+'J22'!V17 -> 0 | Y17: =IFERROR(AA17/SUM(AA17:AD17), "") -> 0.65625 | Z17: =SUM(AA17:AD17) -> 32 | AA17: ='J1'!Y17+'J2'!Y17+'J3'!Y17+'J4'!Y17+'J5'!Y17+'J6'!Y17+'J7'!Y17+'J8'!Y17+'J9'!Y17+'J10'!Y17++'J11'!Y17+'J12'!Y17+'J13'!Y17+'J14'!Y17+'J15'!Y17+'J16'!Y17+'J17'!Y17+'J18'!Y17+'J19'!Y17+'J20'!Y17+'J21'!Y17+'J22'!Y17 -> 21 | AB17: ='J1'!Z17+'J2'!Z17+'J3'!Z17+'J4'!Z17+'J5'!Z17+'J6'!Z17+'J7'!Z17+'J8'!Z17+'J9'!Z17+'J10'!Z17++'J11'!Z17+'J12'!Z17+'J13'!Z17+'J14'!Z17+'J15'!Z17+'J16'!Z17+'J17'!Z17+'J18'!Z17+'J19'!Z17+'J20'!Z17+'J21'!Z17+'J22'!Z17 -> 9 | AC17: ='J1'!AA17+'J2'!AA17+'J3'!AA17+'J4'!AA17+'J5'!AA17+'J6'!AA17+'J7'!AA17+'J8'!AA17+'J9'!AA17+'J10'!AA17++'J11'!AA17+'J12'!AA17+'J13'!AA17+'J14'!AA17+'J15'!AA17+'J16'!AA17+'J17'!AA17+'J18'!AA17+'J19'!AA17+'J20'!AA17+'J21'!AA17+'J22'!AA17 -> 1 | AD17: ='J1'!AB17+'J2'!AB17+'J3'!AB17+'J4'!AB17+'J5'!AB17+'J6'!AB17+'J7'!AB17+'J8'!AB17+'J9'!AB17+'J10'!AB17++'J11'!AB17+'J12'!AB17+'J13'!AB17+'J14'!AB17+'J15'!AB17+'J16'!AB17+'J17'!AB17+'J18'!AB17+'J19'!AB17+'J20'!AB17+'J21'!AB17+'J22'!AB17 -> 1 | AE17: =IFERROR(AG17/SUM(AG17:AJ17), "") -> 0.76923077 | AF17: =SUM(AG17:AJ17) -> 13 | AG17: ='J1'!AE17+'J2'!AE17+'J3'!AE17+'J4'!AE17+'J5'!AE17+'J6'!AE17+'J7'!AE17+'J8'!AE17+'J9'!AE17+'J10'!AE17++'J11'!AE17+'J12'!AE17+'J13'!AE17+'J14'!AE17+'J15'!AE17+'J16'!AE17+'J17'!AE17+'J18'!AE17+'J19'!AE17+'J20'!AE17+'J21'!AE17+'J22'!AE17 -> 10 | AH17: ='J1'!AF17+'J2'!AF17+'J3'!AF17+'J4'!AF17+'J5'!AF17+'J6'!AF17+'J7'!AF17+'J8'!AF17+'J9'!AF17+'J10'!AF17++'J11'!AF17+'J12'!AF17+'J13'!AF17+'J14'!AF17+'J15'!AF17+'J16'!AF17+'J17'!AF17+'J18'!AF17+'J19'!AF17+'J20'!AF17+'J21'!AF17+'J22'!AF17 -> 2 | AI17: ='J1'!AG17+'J2'!AG17+'J3'!AG17+'J4'!AG17+'J5'!AG17+'J6'!AG17+'J7'!AG17+'J8'!AG17+'J9'!AG17+'J10'!AG17++'J11'!AG17+'J12'!AG17+'J13'!AG17+'J14'!AG17+'J15'!AG17+'J16'!AG17+'J17'!AG17+'J18'!AG17+'J19'!AG17+'J20'!AG17+'J21'!AG17+'J22'!AG17 -> 1 | AJ17: ='J1'!AH17+'J2'!AH17+'J3'!AH17+'J4'!AH17+'J5'!AH17+'J6'!AH17+'J7'!AH17+'J8'!AH17+'J9'!AH17+'J10'!AH17++'J11'!AH17+'J12'!AH17+'J13'!AH17+'J14'!AH17+'J15'!AH17+'J16'!AH17+'J17'!AH17+'J18'!AH17+'J19'!AH17+'J20'!AH17+'J21'!AH17+'J22'!AH17 -> 0 | AK17: =IFERROR(AM17/SUM(AM17:AP17), "") -> 0.83333333 | AL17: =SUM(AM17:AP17) -> 6 | AM17: ='J1'!AK17+'J2'!AK17+'J3'!AK17+'J4'!AK17+'J5'!AK17+'J6'!AK17+'J7'!AK17+'J8'!AK17+'J9'!AK17+'J10'!AK17++'J11'!AK17+'J12'!AK17+'J13'!AK17+'J14'!AK17+'J15'!AK17+'J16'!AK17+'J17'!AK17+'J18'!AK17+'J19'!AK17+'J20'!AK17+'J21'!AK17+'J22'!AK17 -> 5 | AN17: ='J1'!AL17+'J2'!AL17+'J3'!AL17+'J4'!AL17+'J5'!AL17+'J6'!AL17+'J7'!AL17+'J8'!AL17+'J9'!AL17+'J10'!AL17++'J11'!AL17+'J12'!AL17+'J13'!AL17+'J14'!AL17+'J15'!AL17+'J16'!AL17+'J17'!AL17+'J18'!AL17+'J19'!AL17+'J20'!AL17+'J21'!AL17+'J22'!AL17 -> 1 | AO17: ='J1'!AM17+'J2'!AM17+'J3'!AM17+'J4'!AM17+'J5'!AM17+'J6'!AM17+'J7'!AM17+'J8'!AM17+'J9'!AM17+'J10'!AM17++'J11'!AM17+'J12'!AM17+'J13'!AM17+'J14'!AM17+'J15'!AM17+'J16'!AM17+'J17'!AM17+'J18'!AM17+'J19'!AM17+'J20'!AM17+'J21'!AM17+'J22'!AM17 -> 0 | AP17: ='J1'!AN17+'J2'!AN17+'J3'!AN17+'J4'!AN17+'J5'!AN17+'J6'!AN17+'J7'!AN17+'J8'!AN17+'J9'!AN17+'J10'!AN17++'J11'!AN17+'J12'!AN17+'J13'!AN17+'J14'!AN17+'J15'!AN17+'J16'!AN17+'J17'!AN17+'J18'!AN17+'J19'!AN17+'J20'!AN17+'J21'!AN17+'J22'!AN17 -> 0 | AQ17: =SUM(AR17:AV17) -> 5 | AR17: ='J1'!AP17+'J2'!AP17+'J3'!AP17+'J4'!AP17+'J5'!AP17+'J6'!AP17+'J7'!AP17+'J8'!AP17+'J9'!AP17+'J10'!AP17++'J11'!AP17+'J12'!AP17+'J13'!AP17+'J14'!AP17+'J15'!AP17+'J16'!AP17+'J17'!AP17+'J18'!AP17+'J19'!AP17+'J20'!AP17+'J21'!AP17+'J22'!AP17 -> 0 | AS17: ='J1'!AQ17+'J2'!AQ17+'J3'!AQ17+'J4'!AQ17+'J5'!AQ17+'J6'!AQ17+'J7'!AQ17+'J8'!AQ17+'J9'!AQ17+'J10'!AQ17++'J11'!AQ17+'J12'!AQ17+'J13'!AQ17+'J14'!AQ17+'J15'!AQ17+'J16'!AQ17+'J17'!AQ17+'J18'!AQ17+'J19'!AQ17+'J20'!AQ17+'J21'!AQ17+'J22'!AQ17 -> 1 | AT17: ='J1'!AR17+'J2'!AR17+'J3'!AR17+'J4'!AR17+'J5'!AR17+'J6'!AR17+'J7'!AR17+'J8'!AR17+'J9'!AR17+'J10'!AR17++'J11'!AR17+'J12'!AR17+'J13'!AR17+'J14'!AR17+'J15'!AR17+'J16'!AR17+'J17'!AR17+'J18'!AR17+'J19'!AR17+'J20'!AR17+'J21'!AR17+'J22'!AR17 -> 4 | AU17: ='J1'!AS17+'J2'!AS17+'J3'!AS17+'J4'!AS17+'J5'!AS17+'J6'!AS17+'J7'!AS17+'J8'!AS17+'J9'!AS17+'J10'!AS17++'J11'!AS17+'J12'!AS17+'J13'!AS17+'J14'!AS17+'J15'!AS17+'J16'!AS17+'J17'!AS17+'J18'!AS17+'J19'!AS17+'J20'!AS17+'J21'!AS17+'J22'!AS17 -> 0 | AV17: ='J1'!AT17+'J2'!AT17+'J3'!AT17+'J4'!AT17+'J5'!AT17+'J6'!AT17+'J7'!AT17+'J8'!AT17+'J9'!AT17+'J10'!AT17++'J11'!AT17+'J12'!AT17+'J13'!AT17+'J14'!AT17+'J15'!AT17+'J16'!AT17+'J17'!AT17+'J18'!AT17+'J19'!AT17+'J20'!AT17+'J21'!AT17+'J22'!AT17 -> 0 | AW17: =AX17+AY17+AZ17+BA17+BB17+BC17+BD17+0.5*BE17+BF17+BG17+2*BH17+2*BI17 -> 5 | AX17: ='J1'!AV17+'J2'!AV17+'J3'!AV17+'J4'!AV17+'J5'!AV17+'J6'!AV17+'J7'!AV17+'J8'!AV17+'J9'!AV17+'J10'!AV17++'J11'!AV17+'J12'!AV17+'J13'!AV17+'J14'!AV17+'J15'!AV17+'J16'!AV17+'J17'!AV17+'J18'!AV17+'J19'!AV17+'J20'!AV17+'J21'!AV17+'J22'!AV17 -> 1 | AY17: ='J1'!AW17+'J2'!AW17+'J3'!AW17+'J4'!AW17+'J5'!AW17+'J6'!AW17+'J7'!AW17+'J8'!AW17+'J9'!AW17+'J10'!AW17++'J11'!AW17+'J12'!AW17+'J13'!AW17+'J14'!AW17+'J15'!AW17+'J16'!AW17+'J17'!AW17+'J18'!AW17+'J19'!AW17+'J20'!AW17+'J21'!AW17+'J22'!AW17 -> 2 | AZ17: ='J1'!AX17+'J2'!AX17+'J3'!AX17+'J4'!AX17+'J5'!AX17+'J6'!AX17+'J7'!AX17+'J8'!AX17+'J9'!AX17+'J10'!AX17++'J11'!AX17+'J12'!AX17+'J13'!AX17+'J14'!AX17+'J15'!AX17+'J16'!AX17+'J17'!AX17+'J18'!AX17+'J19'!AX17+'J20'!AX17+'J21'!AX17+'J22'!AX17 -> 0 | BA17: ='J1'!AY17+'J2'!AY17+'J3'!AY17+'J4'!AY17+'J5'!AY17+'J6'!AY17+'J7'!AY17+'J8'!AY17+'J9'!AY17+'J10'!AY17++'J11'!AY17+'J12'!AY17+'J13'!AY17+'J14'!AY17+'J15'!AY17+'J16'!AY17+'J17'!AY17+'J18'!AY17+'J19'!AY17+'J20'!AY17+'J21'!AY17+'J22'!AY17 -> 1 | BB17: ='J1'!AZ17+'J2'!AZ17+'J3'!AZ17+'J4'!AZ17+'J5'!AZ17+'J6'!AZ17+'J7'!AZ17+'J8'!AZ17+'J9'!AZ17+'J10'!AZ17++'J11'!AZ17+'J12'!AZ17+'J13'!AZ17+'J14'!AZ17+'J15'!AZ17+'J16'!AZ17+'J17'!AZ17+'J18'!AZ17+'J19'!AZ17+'J20'!AZ17+'J21'!AZ17+'J22'!AZ17 -> 0 | BC17: ='J1'!BA17+'J2'!BA17+'J3'!BA17+'J4'!BA17+'J5'!BA17+'J6'!BA17+'J7'!BA17+'J8'!BA17+'J9'!BA17+'J10'!BA17++'J11'!BA17+'J12'!BA17+'J13'!BA17+'J14'!BA17+'J15'!BA17+'J16'!BA17+'J17'!BA17+'J18'!BA17+'J19'!BA17+'J20'!BA17+'J21'!BA17+'J22'!BA17 -> 0 | BD17: ='J1'!BB17+'J2'!BB17+'J3'!BB17+'J4'!BB17+'J5'!BB17+'J6'!BB17+'J7'!BB17+'J8'!BB17+'J9'!BB17+'J10'!BB17++'J11'!BB17+'J12'!BB17+'J13'!BB17+'J14'!BB17+'J15'!BB17+'J16'!BB17+'J17'!BB17+'J18'!BB17+'J19'!BB17+'J20'!BB17+'J21'!BB17+'J22'!BB17 -> 0 | BE17: ='J1'!BC17+'J2'!BC17+'J3'!BC17+'J4'!BC17+'J5'!BC17+'J6'!BC17+'J7'!BC17+'J8'!BC17+'J9'!BC17+'J10'!BC17++'J11'!BC17+'J12'!BC17+'J13'!BC17+'J14'!BC17+'J15'!BC17+'J16'!BC17+'J17'!BC17+'J18'!BC17+'J19'!BC17+'J20'!BC17+'J21'!BC17+'J22'!BC17 -> 0 | ... BI17: ='J1'!BG17+'J2'!BG17+'J3'!BG17+'J4'!BG17+'J5'!BG17+'J6'!BG17+'J7'!BG17+'J8'!BG17+'J9'!BG17+'J10'!BG17++'J11'!BG17+'J12'!BG17+'J13'!BG17+'J14'!BG17+'J15'!BG17+'J16'!BG17+'J17'!BG17+'J18'!BG17+'J19'!BG17+'J20'!BG17+'J21'!BG17+'J22'!BG17 -> 0
F18: MATEO | H18: 5 | I18: 4 | J18: =('J1'!I18+'J2'!I18+'J3'!I18+'J4'!I17+'J5'!I18+'J6'!I18+'J7'!I18+'J8'!I18+'J9'!I18+'J10'!I18++'J11'!I18+'J12'!I18+'J13'!I18+'J14'!I18+'J15'!I18+'J16'!I18+'J17'!I18+'J18'!I18+'J19'!I18+'J20'!I18+'J21'!I18+'J22'!I18)/H18 -> 40.4 | K18: =J18/60 -> 0.67333333 | L18: =('J1'!J18+'J2'!J18+'J3'!J18+'J4'!J18+'J5'!J18+'J6'!J18+'J7'!J18+'J8'!J18+'J9'!J18+'J10'!J18++'J11'!J18+'J12'!J18+'J13'!J18+'J14'!J18+'J15'!J18+'J16'!J18+'J17'!J18+'J18'!J18+'J19'!J18+'J20'!J18+'J21'!J18+'J22'!J18)/$C$3 -> 0 | M18: =('J1'!K18+'J2'!K18+'J3'!K18+'J4'!K18+'J5'!K18+'J6'!K18+'J7'!K18+'J8'!K18+'J9'!K18+'J10'!K18++'J11'!K18+'J12'!K18+'J13'!K18+'J14'!K18+'J15'!K18+'J16'!K18+'J17'!K18+'J18'!K18+'J19'!K18+'J20'!K18+'J21'!K18+'J22'!K18)/$C$3 -> 0 | N18: =('J1'!L18+'J2'!L18+'J3'!L18+'J4'!L18+'J5'!L18+'J6'!L18+'J7'!L18+'J8'!L18+'J9'!L18+'J10'!L18+'J11'!L18+'J12'!L18+'J13'!L18+'J14'!L18+'J15'!L18+'J16'!L18+'J17'!L18+'J18'!L18+'J19'!L18+'J20'!L18+'J21'!L18+'J22'!L18)/$C$3 -> 1.1666667 | O18: =IFERROR(Q18/P18,"") -> 0.69090909 | P18: =SUM(T18:X18)+SUM(AG18:AJ18)+SUM(AM18:AP18)+SUM(AA18:AD18) -> 55 | Q18: =T18+AG18+AM18+AA18 -> 38 | R18: =IF(SUM(T18:X18)=0,"",T18/SUM(T18:X18)) -> 0.8 | S18: =SUM(T18:X18) -> 5 | T18: ='J1'!R18+'J2'!R18+'J3'!R18+'J4'!R18+'J5'!R18+'J6'!R18+'J7'!R18+'J8'!R18+'J9'!R18+'J10'!R18++'J11'!R18+'J12'!R18+'J13'!R18+'J14'!R18+'J15'!R18+'J16'!R18+'J17'!R18+'J18'!R18+'J19'!R18+'J20'!R18+'J21'!R18+'J22'!R18 -> 4 | U18: ='J1'!S18+'J2'!S18+'J3'!S18+'J4'!S18+'J5'!S18+'J6'!S18+'J7'!S18+'J8'!S18+'J9'!S18+'J10'!S18++'J11'!S18+'J12'!S18+'J13'!S18+'J14'!S18+'J15'!S18+'J16'!S18+'J17'!S18+'J18'!S18+'J19'!S18+'J20'!S18+'J21'!S18+'J22'!S18 -> 1 | V18: ='J1'!T18+'J2'!T18+'J3'!T18+'J4'!T18+'J5'!T18+'J6'!T18+'J7'!T18+'J8'!T18+'J9'!T18+'J10'!T18++'J11'!T18+'J12'!T18+'J13'!T18+'J14'!T18+'J15'!T18+'J16'!T18+'J17'!T18+'J18'!T18+'J19'!T18+'J20'!T18+'J21'!T18+'J22'!T18 -> 0 | W18: ='J1'!U18+'J2'!U18+'J3'!U18+'J4'!U18+'J5'!U18+'J6'!U18+'J7'!U18+'J8'!U18+'J9'!U18+'J10'!U18++'J11'!U18+'J12'!U18+'J13'!U18+'J14'!U18+'J15'!U18+'J16'!U18+'J17'!U18+'J18'!U18+'J19'!U18+'J20'!U18+'J21'!U18+'J22'!U18 -> 0 | X18: ='J1'!V18+'J2'!V18+'J3'!V18+'J4'!V18+'J5'!V18+'J6'!V18+'J7'!V18+'J8'!V18+'J9'!V18+'J10'!V18++'J11'!V18+'J12'!V18+'J13'!V18+'J14'!V18+'J15'!V18+'J16'!V18+'J17'!V18+'J18'!V18+'J19'!V18+'J20'!V18+'J21'!V18+'J22'!V18 -> 0 | Y18: =IFERROR(AA18/SUM(AA18:AD18), "") | Z18: =SUM(AA18:AD18) -> 0 | AA18: ='J1'!Y18+'J2'!Y18+'J3'!Y18+'J4'!Y18+'J5'!Y18+'J6'!Y18+'J7'!Y18+'J8'!Y18+'J9'!Y18+'J10'!Y18++'J11'!Y18+'J12'!Y18+'J13'!Y18+'J14'!Y18+'J15'!Y18+'J16'!Y18+'J17'!Y18+'J18'!Y18+'J19'!Y18+'J20'!Y18+'J21'!Y18+'J22'!Y18 -> 0 | AB18: ='J1'!Z18+'J2'!Z18+'J3'!Z18+'J4'!Z18+'J5'!Z18+'J6'!Z18+'J7'!Z18+'J8'!Z18+'J9'!Z18+'J10'!Z18++'J11'!Z18+'J12'!Z18+'J13'!Z18+'J14'!Z18+'J15'!Z18+'J16'!Z18+'J17'!Z18+'J18'!Z18+'J19'!Z18+'J20'!Z18+'J21'!Z18+'J22'!Z18 -> 0 | AC18: ='J1'!AA18+'J2'!AA18+'J3'!AA18+'J4'!AA18+'J5'!AA18+'J6'!AA18+'J7'!AA18+'J8'!AA18+'J9'!AA18+'J10'!AA18++'J11'!AA18+'J12'!AA18+'J13'!AA18+'J14'!AA18+'J15'!AA18+'J16'!AA18+'J17'!AA18+'J18'!AA18+'J19'!AA18+'J20'!AA18+'J21'!AA18+'J22'!AA18 -> 0 | AD18: ='J1'!AB18+'J2'!AB18+'J3'!AB18+'J4'!AB18+'J5'!AB18+'J6'!AB18+'J7'!AB18+'J8'!AB18+'J9'!AB18+'J10'!AB18++'J11'!AB18+'J12'!AB18+'J13'!AB18+'J14'!AB18+'J15'!AB18+'J16'!AB18+'J17'!AB18+'J18'!AB18+'J19'!AB18+'J20'!AB18+'J21'!AB18+'J22'!AB18 -> 0 | AE18: =IFERROR(AG18/SUM(AG18:AJ18), "") -> 0.71428571 | AF18: =SUM(AG18:AJ18) -> 42 | AG18: ='J1'!AE18+'J2'!AE18+'J3'!AE18+'J4'!AE18+'J5'!AE18+'J6'!AE18+'J7'!AE18+'J8'!AE18+'J9'!AE18+'J10'!AE18++'J11'!AE18+'J12'!AE18+'J13'!AE18+'J14'!AE18+'J15'!AE18+'J16'!AE18+'J17'!AE18+'J18'!AE18+'J19'!AE18+'J20'!AE18+'J21'!AE18+'J22'!AE18 -> 30 | AH18: ='J1'!AF18+'J2'!AF18+'J3'!AF18+'J4'!AF18+'J5'!AF18+'J6'!AF18+'J7'!AF18+'J8'!AF18+'J9'!AF18+'J10'!AF18++'J11'!AF18+'J12'!AF18+'J13'!AF18+'J14'!AF18+'J15'!AF18+'J16'!AF18+'J17'!AF18+'J18'!AF18+'J19'!AF18+'J20'!AF18+'J21'!AF18+'J22'!AF18 -> 6 | AI18: ='J1'!AG18+'J2'!AG18+'J3'!AG18+'J4'!AG18+'J5'!AG18+'J6'!AG18+'J7'!AG18+'J8'!AG18+'J9'!AG18+'J10'!AG18++'J11'!AG18+'J12'!AG18+'J13'!AG18+'J14'!AG18+'J15'!AG18+'J16'!AG18+'J17'!AG18+'J18'!AG18+'J19'!AG18+'J20'!AG18+'J21'!AG18+'J22'!AG18 -> 2 | AJ18: ='J1'!AH18+'J2'!AH18+'J3'!AH18+'J4'!AH18+'J5'!AH18+'J6'!AH18+'J7'!AH18+'J8'!AH18+'J9'!AH18+'J10'!AH18++'J11'!AH18+'J12'!AH18+'J13'!AH18+'J14'!AH18+'J15'!AH18+'J16'!AH18+'J17'!AH18+'J18'!AH18+'J19'!AH18+'J20'!AH18+'J21'!AH18+'J22'!AH18 -> 4 | AK18: =IFERROR(AM18/SUM(AM18:AP18), "") -> 0.5 | AL18: =SUM(AM18:AP18) -> 8 | AM18: ='J1'!AK18+'J2'!AK18+'J3'!AK18+'J4'!AK18+'J5'!AK18+'J6'!AK18+'J7'!AK18+'J8'!AK18+'J9'!AK18+'J10'!AK18++'J11'!AK18+'J12'!AK18+'J13'!AK18+'J14'!AK18+'J15'!AK18+'J16'!AK18+'J17'!AK18+'J18'!AK18+'J19'!AK18+'J20'!AK18+'J21'!AK18+'J22'!AK18 -> 4 | AN18: ='J1'!AL18+'J2'!AL18+'J3'!AL18+'J4'!AL18+'J5'!AL18+'J6'!AL18+'J7'!AL18+'J8'!AL18+'J9'!AL18+'J10'!AL18++'J11'!AL18+'J12'!AL18+'J13'!AL18+'J14'!AL18+'J15'!AL18+'J16'!AL18+'J17'!AL18+'J18'!AL18+'J19'!AL18+'J20'!AL18+'J21'!AL18+'J22'!AL18 -> 1 | AO18: ='J1'!AM18+'J2'!AM18+'J3'!AM18+'J4'!AM18+'J5'!AM18+'J6'!AM18+'J7'!AM18+'J8'!AM18+'J9'!AM18+'J10'!AM18++'J11'!AM18+'J12'!AM18+'J13'!AM18+'J14'!AM18+'J15'!AM18+'J16'!AM18+'J17'!AM18+'J18'!AM18+'J19'!AM18+'J20'!AM18+'J21'!AM18+'J22'!AM18 -> 1 | AP18: ='J1'!AN18+'J2'!AN18+'J3'!AN18+'J4'!AN18+'J5'!AN18+'J6'!AN18+'J7'!AN18+'J8'!AN18+'J9'!AN18+'J10'!AN18++'J11'!AN18+'J12'!AN18+'J13'!AN18+'J14'!AN18+'J15'!AN18+'J16'!AN18+'J17'!AN18+'J18'!AN18+'J19'!AN18+'J20'!AN18+'J21'!AN18+'J22'!AN18 -> 2 | AQ18: =SUM(AR18:AV18) -> 17 | AR18: ='J1'!AP18+'J2'!AP18+'J3'!AP18+'J4'!AP18+'J5'!AP18+'J6'!AP18+'J7'!AP18+'J8'!AP18+'J9'!AP18+'J10'!AP18++'J11'!AP18+'J12'!AP18+'J13'!AP18+'J14'!AP18+'J15'!AP18+'J16'!AP18+'J17'!AP18+'J18'!AP18+'J19'!AP18+'J20'!AP18+'J21'!AP18+'J22'!AP18 -> 0 | AS18: ='J1'!AQ18+'J2'!AQ18+'J3'!AQ18+'J4'!AQ18+'J5'!AQ18+'J6'!AQ18+'J7'!AQ18+'J8'!AQ18+'J9'!AQ18+'J10'!AQ18++'J11'!AQ18+'J12'!AQ18+'J13'!AQ18+'J14'!AQ18+'J15'!AQ18+'J16'!AQ18+'J17'!AQ18+'J18'!AQ18+'J19'!AQ18+'J20'!AQ18+'J21'!AQ18+'J22'!AQ18 -> 1 | AT18: ='J1'!AR18+'J2'!AR18+'J3'!AR18+'J4'!AR18+'J5'!AR18+'J6'!AR18+'J7'!AR18+'J8'!AR18+'J9'!AR18+'J10'!AR18++'J11'!AR18+'J12'!AR18+'J13'!AR18+'J14'!AR18+'J15'!AR18+'J16'!AR18+'J17'!AR18+'J18'!AR18+'J19'!AR18+'J20'!AR18+'J21'!AR18+'J22'!AR18 -> 13 | AU18: ='J1'!AS18+'J2'!AS18+'J3'!AS18+'J4'!AS18+'J5'!AS18+'J6'!AS18+'J7'!AS18+'J8'!AS18+'J9'!AS18+'J10'!AS18++'J11'!AS18+'J12'!AS18+'J13'!AS18+'J14'!AS18+'J15'!AS18+'J16'!AS18+'J17'!AS18+'J18'!AS18+'J19'!AS18+'J20'!AS18+'J21'!AS18+'J22'!AS18 -> 0 | AV18: ='J1'!AT18+'J2'!AT18+'J3'!AT18+'J4'!AT18+'J5'!AT18+'J6'!AT18+'J7'!AT18+'J8'!AT18+'J9'!AT18+'J10'!AT18++'J11'!AT18+'J12'!AT18+'J13'!AT18+'J14'!AT18+'J15'!AT18+'J16'!AT18+'J17'!AT18+'J18'!AT18+'J19'!AT18+'J20'!AT18+'J21'!AT18+'J22'!AT18 -> 3 | AW18: =AX18+AY18+AZ18+BA18+BB18+BC18+BD18+0.5*BE18+BF18+BG18+2*BH18+2*BI18 -> 7 | AX18: ='J1'!AV18+'J2'!AV18+'J3'!AV18+'J4'!AV18+'J5'!AV18+'J6'!AV18+'J7'!AV18+'J8'!AV18+'J9'!AV18+'J10'!AV18++'J11'!AV18+'J12'!AV18+'J13'!AV18+'J14'!AV18+'J15'!AV18+'J16'!AV18+'J17'!AV18+'J18'!AV18+'J19'!AV18+'J20'!AV18+'J21'!AV18+'J22'!AV18 -> 2 | AY18: ='J1'!AW18+'J2'!AW18+'J3'!AW18+'J4'!AW18+'J5'!AW18+'J6'!AW18+'J7'!AW18+'J8'!AW18+'J9'!AW18+'J10'!AW18++'J11'!AW18+'J12'!AW18+'J13'!AW18+'J14'!AW18+'J15'!AW18+'J16'!AW18+'J17'!AW18+'J18'!AW18+'J19'!AW18+'J20'!AW18+'J21'!AW18+'J22'!AW18 -> 0 | AZ18: ='J1'!AX18+'J2'!AX18+'J3'!AX18+'J4'!AX18+'J5'!AX18+'J6'!AX18+'J7'!AX18+'J8'!AX18+'J9'!AX18+'J10'!AX18++'J11'!AX18+'J12'!AX18+'J13'!AX18+'J14'!AX18+'J15'!AX18+'J16'!AX18+'J17'!AX18+'J18'!AX18+'J19'!AX18+'J20'!AX18+'J21'!AX18+'J22'!AX18 -> 0 | BA18: ='J1'!AY18+'J2'!AY18+'J3'!AY18+'J4'!AY18+'J5'!AY18+'J6'!AY18+'J7'!AY18+'J8'!AY18+'J9'!AY18+'J10'!AY18++'J11'!AY18+'J12'!AY18+'J13'!AY18+'J14'!AY18+'J15'!AY18+'J16'!AY18+'J17'!AY18+'J18'!AY18+'J19'!AY18+'J20'!AY18+'J21'!AY18+'J22'!AY18 -> 0 | BB18: ='J1'!AZ18+'J2'!AZ18+'J3'!AZ18+'J4'!AZ18+'J5'!AZ18+'J6'!AZ18+'J7'!AZ18+'J8'!AZ18+'J9'!AZ18+'J10'!AZ18++'J11'!AZ18+'J12'!AZ18+'J13'!AZ18+'J14'!AZ18+'J15'!AZ18+'J16'!AZ18+'J17'!AZ18+'J18'!AZ18+'J19'!AZ18+'J20'!AZ18+'J21'!AZ18+'J22'!AZ18 -> 2 | BC18: ='J1'!BA18+'J2'!BA18+'J3'!BA18+'J4'!BA18+'J5'!BA18+'J6'!BA18+'J7'!BA18+'J8'!BA18+'J9'!BA18+'J10'!BA18++'J11'!BA18+'J12'!BA18+'J13'!BA18+'J14'!BA18+'J15'!BA18+'J16'!BA18+'J17'!BA18+'J18'!BA18+'J19'!BA18+'J20'!BA18+'J21'!BA18+'J22'!BA18 -> 1 | BD18: ='J1'!BB18+'J2'!BB18+'J3'!BB18+'J4'!BB18+'J5'!BB18+'J6'!BB18+'J7'!BB18+'J8'!BB18+'J9'!BB18+'J10'!BB18++'J11'!BB18+'J12'!BB18+'J13'!BB18+'J14'!BB18+'J15'!BB18+'J16'!BB18+'J17'!BB18+'J18'!BB18+'J19'!BB18+'J20'!BB18+'J21'!BB18+'J22'!BB18 -> 0 | BE18: ='J1'!BC18+'J2'!BC18+'J3'!BC18+'J4'!BC18+'J5'!BC18+'J6'!BC18+'J7'!BC18+'J8'!BC18+'J9'!BC18+'J10'!BC18++'J11'!BC18+'J12'!BC18+'J13'!BC18+'J14'!BC18+'J15'!BC18+'J16'!BC18+'J17'!BC18+'J18'!BC18+'J19'!BC18+'J20'!BC18+'J21'!BC18+'J22'!BC18 -> 0 | ... BI18: ='J1'!BG18+'J2'!BG18+'J3'!BG18+'J4'!BG18+'J5'!BG18+'J6'!BG18+'J7'!BG18+'J8'!BG18+'J9'!BG18+'J10'!BG18++'J11'!BG18+'J12'!BG18+'J13'!BG18+'J14'!BG18+'J15'!BG18+'J16'!BG18+'J17'!BG18+'J18'!BG18+'J19'!BG18+'J20'!BG18+'J21'!BG18+'J22'!BG18 -> 0
F19: PEDRO | H19: 5 | I19: 4 | J19: =('J1'!I19+'J2'!I19+'J3'!I19+'J4'!I18+'J5'!I19+'J6'!I19+'J7'!I19+'J8'!I19+'J9'!I19+'J10'!I19++'J11'!I19+'J12'!I19+'J13'!I19+'J14'!I19+'J15'!I19+'J16'!I19+'J17'!I19+'J18'!I19+'J19'!I19+'J20'!I19+'J21'!I19+'J22'!I19)/H19 -> 40.8 | K19: =J19/60 -> 0.68 | L19: =('J1'!J19+'J2'!J19+'J3'!J19+'J4'!J19+'J5'!J19+'J6'!J19+'J7'!J19+'J8'!J19+'J9'!J19+'J10'!J19++'J11'!J19+'J12'!J19+'J13'!J19+'J14'!J19+'J15'!J19+'J16'!J19+'J17'!J19+'J18'!J19+'J19'!J19+'J20'!J19+'J21'!J19+'J22'!J19)/$C$3 -> 0 | M19: =('J1'!K19+'J2'!K19+'J3'!K19+'J4'!K19+'J5'!K19+'J6'!K19+'J7'!K19+'J8'!K19+'J9'!K19+'J10'!K19++'J11'!K19+'J12'!K19+'J13'!K19+'J14'!K19+'J15'!K19+'J16'!K19+'J17'!K19+'J18'!K19+'J19'!K19+'J20'!K19+'J21'!K19+'J22'!K19)/$C$3 -> 0 | N19: =('J1'!L19+'J2'!L19+'J3'!L19+'J4'!L19+'J5'!L19+'J6'!L19+'J7'!L19+'J8'!L19+'J9'!L19+'J10'!L19+'J11'!L19+'J12'!L19+'J13'!L19+'J14'!L19+'J15'!L19+'J16'!L19+'J17'!L19+'J18'!L19+'J19'!L19+'J20'!L19+'J21'!L19+'J22'!L19)/$C$3 -> -0.16666667 | O19: =IFERROR(Q19/P19,"") -> 0.75 | P19: =SUM(T19:X19)+SUM(AG19:AJ19)+SUM(AM19:AP19)+SUM(AA19:AD19) -> 8 | Q19: =T19+AG19+AM19+AA19 -> 6 | R19: =IF(SUM(T19:X19)=0,"",T19/SUM(T19:X19)) | S19: =SUM(T19:X19) -> 0 | T19: ='J1'!R19+'J2'!R19+'J3'!R19+'J4'!R19+'J5'!R19+'J6'!R19+'J7'!R19+'J8'!R19+'J9'!R19+'J10'!R19++'J11'!R19+'J12'!R19+'J13'!R19+'J14'!R19+'J15'!R19+'J16'!R19+'J17'!R19+'J18'!R19+'J19'!R19+'J20'!R19+'J21'!R19+'J22'!R19 -> 0 | U19: ='J1'!S19+'J2'!S19+'J3'!S19+'J4'!S19+'J5'!S19+'J6'!S19+'J7'!S19+'J8'!S19+'J9'!S19+'J10'!S19++'J11'!S19+'J12'!S19+'J13'!S19+'J14'!S19+'J15'!S19+'J16'!S19+'J17'!S19+'J18'!S19+'J19'!S19+'J20'!S19+'J21'!S19+'J22'!S19 -> 0 | V19: ='J1'!T19+'J2'!T19+'J3'!T19+'J4'!T19+'J5'!T19+'J6'!T19+'J7'!T19+'J8'!T19+'J9'!T19+'J10'!T19++'J11'!T19+'J12'!T19+'J13'!T19+'J14'!T19+'J15'!T19+'J16'!T19+'J17'!T19+'J18'!T19+'J19'!T19+'J20'!T19+'J21'!T19+'J22'!T19 -> 0 | W19: ='J1'!U19+'J2'!U19+'J3'!U19+'J4'!U19+'J5'!U19+'J6'!U19+'J7'!U19+'J8'!U19+'J9'!U19+'J10'!U19++'J11'!U19+'J12'!U19+'J13'!U19+'J14'!U19+'J15'!U19+'J16'!U19+'J17'!U19+'J18'!U19+'J19'!U19+'J20'!U19+'J21'!U19+'J22'!U19 -> 0 | X19: ='J1'!V19+'J2'!V19+'J3'!V19+'J4'!V19+'J5'!V19+'J6'!V19+'J7'!V19+'J8'!V19+'J9'!V19+'J10'!V19++'J11'!V19+'J12'!V19+'J13'!V19+'J14'!V19+'J15'!V19+'J16'!V19+'J17'!V19+'J18'!V19+'J19'!V19+'J20'!V19+'J21'!V19+'J22'!V19 -> 0 | Y19: =IFERROR(AA19/SUM(AA19:AD19), "") | Z19: =SUM(AA19:AD19) -> 0 | AA19: ='J1'!Y19+'J2'!Y19+'J3'!Y19+'J4'!Y19+'J5'!Y19+'J6'!Y19+'J7'!Y19+'J8'!Y19+'J9'!Y19+'J10'!Y19++'J11'!Y19+'J12'!Y19+'J13'!Y19+'J14'!Y19+'J15'!Y19+'J16'!Y19+'J17'!Y19+'J18'!Y19+'J19'!Y19+'J20'!Y19+'J21'!Y19+'J22'!Y19 -> 0 | AB19: ='J1'!Z19+'J2'!Z19+'J3'!Z19+'J4'!Z19+'J5'!Z19+'J6'!Z19+'J7'!Z19+'J8'!Z19+'J9'!Z19+'J10'!Z19++'J11'!Z19+'J12'!Z19+'J13'!Z19+'J14'!Z19+'J15'!Z19+'J16'!Z19+'J17'!Z19+'J18'!Z19+'J19'!Z19+'J20'!Z19+'J21'!Z19+'J22'!Z19 -> 0 | AC19: ='J1'!AA19+'J2'!AA19+'J3'!AA19+'J4'!AA19+'J5'!AA19+'J6'!AA19+'J7'!AA19+'J8'!AA19+'J9'!AA19+'J10'!AA19++'J11'!AA19+'J12'!AA19+'J13'!AA19+'J14'!AA19+'J15'!AA19+'J16'!AA19+'J17'!AA19+'J18'!AA19+'J19'!AA19+'J20'!AA19+'J21'!AA19+'J22'!AA19 -> 0 | AD19: ='J1'!AB19+'J2'!AB19+'J3'!AB19+'J4'!AB19+'J5'!AB19+'J6'!AB19+'J7'!AB19+'J8'!AB19+'J9'!AB19+'J10'!AB19++'J11'!AB19+'J12'!AB19+'J13'!AB19+'J14'!AB19+'J15'!AB19+'J16'!AB19+'J17'!AB19+'J18'!AB19+'J19'!AB19+'J20'!AB19+'J21'!AB19+'J22'!AB19 -> 0 | AE19: =IFERROR(AG19/SUM(AG19:AJ19), "") -> 0.71428571 | AF19: =SUM(AG19:AJ19) -> 7 | AG19: ='J1'!AE19+'J2'!AE19+'J3'!AE19+'J4'!AE19+'J5'!AE19+'J6'!AE19+'J7'!AE19+'J8'!AE19+'J9'!AE19+'J10'!AE19++'J11'!AE19+'J12'!AE19+'J13'!AE19+'J14'!AE19+'J15'!AE19+'J16'!AE19+'J17'!AE19+'J18'!AE19+'J19'!AE19+'J20'!AE19+'J21'!AE19+'J22'!AE19 -> 5 | AH19: ='J1'!AF19+'J2'!AF19+'J3'!AF19+'J4'!AF19+'J5'!AF19+'J6'!AF19+'J7'!AF19+'J8'!AF19+'J9'!AF19+'J10'!AF19++'J11'!AF19+'J12'!AF19+'J13'!AF19+'J14'!AF19+'J15'!AF19+'J16'!AF19+'J17'!AF19+'J18'!AF19+'J19'!AF19+'J20'!AF19+'J21'!AF19+'J22'!AF19 -> 0 | AI19: ='J1'!AG19+'J2'!AG19+'J3'!AG19+'J4'!AG19+'J5'!AG19+'J6'!AG19+'J7'!AG19+'J8'!AG19+'J9'!AG19+'J10'!AG19++'J11'!AG19+'J12'!AG19+'J13'!AG19+'J14'!AG19+'J15'!AG19+'J16'!AG19+'J17'!AG19+'J18'!AG19+'J19'!AG19+'J20'!AG19+'J21'!AG19+'J22'!AG19 -> 2 | AJ19: ='J1'!AH19+'J2'!AH19+'J3'!AH19+'J4'!AH19+'J5'!AH19+'J6'!AH19+'J7'!AH19+'J8'!AH19+'J9'!AH19+'J10'!AH19++'J11'!AH19+'J12'!AH19+'J13'!AH19+'J14'!AH19+'J15'!AH19+'J16'!AH19+'J17'!AH19+'J18'!AH19+'J19'!AH19+'J20'!AH19+'J21'!AH19+'J22'!AH19 -> 0 | AK19: =IFERROR(AM19/SUM(AM19:AP19), "") -> 1 | AL19: =SUM(AM19:AP19) -> 1 | AM19: ='J1'!AK19+'J2'!AK19+'J3'!AK19+'J4'!AK19+'J5'!AK19+'J6'!AK19+'J7'!AK19+'J8'!AK19+'J9'!AK19+'J10'!AK19++'J11'!AK19+'J12'!AK19+'J13'!AK19+'J14'!AK19+'J15'!AK19+'J16'!AK19+'J17'!AK19+'J18'!AK19+'J19'!AK19+'J20'!AK19+'J21'!AK19+'J22'!AK19 -> 1 | AN19: ='J1'!AL19+'J2'!AL19+'J3'!AL19+'J4'!AL19+'J5'!AL19+'J6'!AL19+'J7'!AL19+'J8'!AL19+'J9'!AL19+'J10'!AL19++'J11'!AL19+'J12'!AL19+'J13'!AL19+'J14'!AL19+'J15'!AL19+'J16'!AL19+'J17'!AL19+'J18'!AL19+'J19'!AL19+'J20'!AL19+'J21'!AL19+'J22'!AL19 -> 0 | AO19: ='J1'!AM19+'J2'!AM19+'J3'!AM19+'J4'!AM19+'J5'!AM19+'J6'!AM19+'J7'!AM19+'J8'!AM19+'J9'!AM19+'J10'!AM19++'J11'!AM19+'J12'!AM19+'J13'!AM19+'J14'!AM19+'J15'!AM19+'J16'!AM19+'J17'!AM19+'J18'!AM19+'J19'!AM19+'J20'!AM19+'J21'!AM19+'J22'!AM19 -> 0 | AP19: ='J1'!AN19+'J2'!AN19+'J3'!AN19+'J4'!AN19+'J5'!AN19+'J6'!AN19+'J7'!AN19+'J8'!AN19+'J9'!AN19+'J10'!AN19++'J11'!AN19+'J12'!AN19+'J13'!AN19+'J14'!AN19+'J15'!AN19+'J16'!AN19+'J17'!AN19+'J18'!AN19+'J19'!AN19+'J20'!AN19+'J21'!AN19+'J22'!AN19 -> 0 | AQ19: =SUM(AR19:AV19) -> 2 | AR19: ='J1'!AP19+'J2'!AP19+'J3'!AP19+'J4'!AP19+'J5'!AP19+'J6'!AP19+'J7'!AP19+'J8'!AP19+'J9'!AP19+'J10'!AP19++'J11'!AP19+'J12'!AP19+'J13'!AP19+'J14'!AP19+'J15'!AP19+'J16'!AP19+'J17'!AP19+'J18'!AP19+'J19'!AP19+'J20'!AP19+'J21'!AP19+'J22'!AP19 -> 0 | AS19: ='J1'!AQ19+'J2'!AQ19+'J3'!AQ19+'J4'!AQ19+'J5'!AQ19+'J6'!AQ19+'J7'!AQ19+'J8'!AQ19+'J9'!AQ19+'J10'!AQ19++'J11'!AQ19+'J12'!AQ19+'J13'!AQ19+'J14'!AQ19+'J15'!AQ19+'J16'!AQ19+'J17'!AQ19+'J18'!AQ19+'J19'!AQ19+'J20'!AQ19+'J21'!AQ19+'J22'!AQ19 -> 0 | AT19: ='J1'!AR19+'J2'!AR19+'J3'!AR19+'J4'!AR19+'J5'!AR19+'J6'!AR19+'J7'!AR19+'J8'!AR19+'J9'!AR19+'J10'!AR19++'J11'!AR19+'J12'!AR19+'J13'!AR19+'J14'!AR19+'J15'!AR19+'J16'!AR19+'J17'!AR19+'J18'!AR19+'J19'!AR19+'J20'!AR19+'J21'!AR19+'J22'!AR19 -> 0 | AU19: ='J1'!AS19+'J2'!AS19+'J3'!AS19+'J4'!AS19+'J5'!AS19+'J6'!AS19+'J7'!AS19+'J8'!AS19+'J9'!AS19+'J10'!AS19++'J11'!AS19+'J12'!AS19+'J13'!AS19+'J14'!AS19+'J15'!AS19+'J16'!AS19+'J17'!AS19+'J18'!AS19+'J19'!AS19+'J20'!AS19+'J21'!AS19+'J22'!AS19 -> 0 | AV19: ='J1'!AT19+'J2'!AT19+'J3'!AT19+'J4'!AT19+'J5'!AT19+'J6'!AT19+'J7'!AT19+'J8'!AT19+'J9'!AT19+'J10'!AT19++'J11'!AT19+'J12'!AT19+'J13'!AT19+'J14'!AT19+'J15'!AT19+'J16'!AT19+'J17'!AT19+'J18'!AT19+'J19'!AT19+'J20'!AT19+'J21'!AT19+'J22'!AT19 -> 2 | AW19: =AX19+AY19+AZ19+BA19+BB19+BC19+BD19+0.5*BE19+BF19+BG19+2*BH19+2*BI19 -> 4 | AX19: ='J1'!AV19+'J2'!AV19+'J3'!AV19+'J4'!AV19+'J5'!AV19+'J6'!AV19+'J7'!AV19+'J8'!AV19+'J9'!AV19+'J10'!AV19++'J11'!AV19+'J12'!AV19+'J13'!AV19+'J14'!AV19+'J15'!AV19+'J16'!AV19+'J17'!AV19+'J18'!AV19+'J19'!AV19+'J20'!AV19+'J21'!AV19+'J22'!AV19 -> 2 | AY19: ='J1'!AW19+'J2'!AW19+'J3'!AW19+'J4'!AW19+'J5'!AW19+'J6'!AW19+'J7'!AW19+'J8'!AW19+'J9'!AW19+'J10'!AW19++'J11'!AW19+'J12'!AW19+'J13'!AW19+'J14'!AW19+'J15'!AW19+'J16'!AW19+'J17'!AW19+'J18'!AW19+'J19'!AW19+'J20'!AW19+'J21'!AW19+'J22'!AW19 -> 1 | AZ19: ='J1'!AX19+'J2'!AX19+'J3'!AX19+'J4'!AX19+'J5'!AX19+'J6'!AX19+'J7'!AX19+'J8'!AX19+'J9'!AX19+'J10'!AX19++'J11'!AX19+'J12'!AX19+'J13'!AX19+'J14'!AX19+'J15'!AX19+'J16'!AX19+'J17'!AX19+'J18'!AX19+'J19'!AX19+'J20'!AX19+'J21'!AX19+'J22'!AX19 -> 0 | BA19: ='J1'!AY19+'J2'!AY19+'J3'!AY19+'J4'!AY19+'J5'!AY19+'J6'!AY19+'J7'!AY19+'J8'!AY19+'J9'!AY19+'J10'!AY19++'J11'!AY19+'J12'!AY19+'J13'!AY19+'J14'!AY19+'J15'!AY19+'J16'!AY19+'J17'!AY19+'J18'!AY19+'J19'!AY19+'J20'!AY19+'J21'!AY19+'J22'!AY19 -> 0 | BB19: ='J1'!AZ19+'J2'!AZ19+'J3'!AZ19+'J4'!AZ19+'J5'!AZ19+'J6'!AZ19+'J7'!AZ19+'J8'!AZ19+'J9'!AZ19+'J10'!AZ19++'J11'!AZ19+'J12'!AZ19+'J13'!AZ19+'J14'!AZ19+'J15'!AZ19+'J16'!AZ19+'J17'!AZ19+'J18'!AZ19+'J19'!AZ19+'J20'!AZ19+'J21'!AZ19+'J22'!AZ19 -> 0 | BC19: ='J1'!BA19+'J2'!BA19+'J3'!BA19+'J4'!BA19+'J5'!BA19+'J6'!BA19+'J7'!BA19+'J8'!BA19+'J9'!BA19+'J10'!BA19++'J11'!BA19+'J12'!BA19+'J13'!BA19+'J14'!BA19+'J15'!BA19+'J16'!BA19+'J17'!BA19+'J18'!BA19+'J19'!BA19+'J20'!BA19+'J21'!BA19+'J22'!BA19 -> 0 | BD19: ='J1'!BB19+'J2'!BB19+'J3'!BB19+'J4'!BB19+'J5'!BB19+'J6'!BB19+'J7'!BB19+'J8'!BB19+'J9'!BB19+'J10'!BB19++'J11'!BB19+'J12'!BB19+'J13'!BB19+'J14'!BB19+'J15'!BB19+'J16'!BB19+'J17'!BB19+'J18'!BB19+'J19'!BB19+'J20'!BB19+'J21'!BB19+'J22'!BB19 -> 0 | BE19: ='J1'!BC19+'J2'!BC19+'J3'!BC19+'J4'!BC19+'J5'!BC19+'J6'!BC19+'J7'!BC19+'J8'!BC19+'J9'!BC19+'J10'!BC19++'J11'!BC19+'J12'!BC19+'J13'!BC19+'J14'!BC19+'J15'!BC19+'J16'!BC19+'J17'!BC19+'J18'!BC19+'J19'!BC19+'J20'!BC19+'J21'!BC19+'J22'!BC19 -> 0 | ... BI19: ='J1'!BG19+'J2'!BG19+'J3'!BG19+'J4'!BG19+'J5'!BG19+'J6'!BG19+'J7'!BG19+'J8'!BG19+'J9'!BG19+'J10'!BG19++'J11'!BG19+'J12'!BG19+'J13'!BG19+'J14'!BG19+'J15'!BG19+'J16'!BG19+'J17'!BG19+'J18'!BG19+'J19'!BG19+'J20'!BG19+'J21'!BG19+'J22'!BG19 -> 0
F20: SAMUEL | H20: 9 | I20: 0 | J20: =('J1'!I20+'J2'!I20+'J3'!I20+'J4'!I19+'J5'!I20+'J6'!I20+'J7'!I20+'J8'!I20+'J9'!I20+'J10'!I20++'J11'!I20+'J12'!I20+'J13'!I20+'J14'!I20+'J15'!I20+'J16'!I20+'J17'!I20+'J18'!I20+'J19'!I20+'J20'!I20+'J21'!I20+'J22'!I20)/H20 -> 42 | K20: =J20/60 -> 0.7 | L20: =('J1'!J20+'J2'!J20+'J3'!J20+'J4'!J20+'J5'!J20+'J6'!J20+'J7'!J20+'J8'!J20+'J9'!J20+'J10'!J20++'J11'!J20+'J12'!J20+'J13'!J20+'J14'!J20+'J15'!J20+'J16'!J20+'J17'!J20+'J18'!J20+'J19'!J20+'J20'!J20+'J21'!J20+'J22'!J20)/$C$3 -> 0 | M20: =('J1'!K20+'J2'!K20+'J3'!K20+'J4'!K20+'J5'!K20+'J6'!K20+'J7'!K20+'J8'!K20+'J9'!K20+'J10'!K20++'J11'!K20+'J12'!K20+'J13'!K20+'J14'!K20+'J15'!K20+'J16'!K20+'J17'!K20+'J18'!K20+'J19'!K20+'J20'!K20+'J21'!K20+'J22'!K20)/$C$3 -> 0 | N20: =('J1'!L20+'J2'!L20+'J3'!L20+'J4'!L20+'J5'!L20+'J6'!L20+'J7'!L20+'J8'!L20+'J9'!L20+'J10'!L20+'J11'!L20+'J12'!L20+'J13'!L20+'J14'!L20+'J15'!L20+'J16'!L20+'J17'!L20+'J18'!L20+'J19'!L20+'J20'!L20+'J21'!L20+'J22'!L20)/$C$3 -> 1.7222222 | O20: =IFERROR(Q20/P20,"") -> 0.69911504 | P20: =SUM(T20:X20)+SUM(AG20:AJ20)+SUM(AM20:AP20)+SUM(AA20:AD20) -> 113 | Q20: =T20+AG20+AM20+AA20 -> 79 | R20: =IF(SUM(T20:X20)=0,"",T20/SUM(T20:X20)) -> 0.5 | S20: =SUM(T20:X20) -> 12 | T20: ='J1'!R20+'J2'!R20+'J3'!R20+'J4'!R20+'J5'!R20+'J6'!R20+'J7'!R20+'J8'!R20+'J9'!R20+'J10'!R20++'J11'!R20+'J12'!R20+'J13'!R20+'J14'!R20+'J15'!R20+'J16'!R20+'J17'!R20+'J18'!R20+'J19'!R20+'J20'!R20+'J21'!R20+'J22'!R20 -> 6 | U20: ='J1'!S20+'J2'!S20+'J3'!S20+'J4'!S20+'J5'!S20+'J6'!S20+'J7'!S20+'J8'!S20+'J9'!S20+'J10'!S20++'J11'!S20+'J12'!S20+'J13'!S20+'J14'!S20+'J15'!S20+'J16'!S20+'J17'!S20+'J18'!S20+'J19'!S20+'J20'!S20+'J21'!S20+'J22'!S20 -> 2 | V20: ='J1'!T20+'J2'!T20+'J3'!T20+'J4'!T20+'J5'!T20+'J6'!T20+'J7'!T20+'J8'!T20+'J9'!T20+'J10'!T20++'J11'!T20+'J12'!T20+'J13'!T20+'J14'!T20+'J15'!T20+'J16'!T20+'J17'!T20+'J18'!T20+'J19'!T20+'J20'!T20+'J21'!T20+'J22'!T20 -> 0 | W20: ='J1'!U20+'J2'!U20+'J3'!U20+'J4'!U20+'J5'!U20+'J6'!U20+'J7'!U20+'J8'!U20+'J9'!U20+'J10'!U20++'J11'!U20+'J12'!U20+'J13'!U20+'J14'!U20+'J15'!U20+'J16'!U20+'J17'!U20+'J18'!U20+'J19'!U20+'J20'!U20+'J21'!U20+'J22'!U20 -> 2 | X20: ='J1'!V20+'J2'!V20+'J3'!V20+'J4'!V20+'J5'!V20+'J6'!V20+'J7'!V20+'J8'!V20+'J9'!V20+'J10'!V20++'J11'!V20+'J12'!V20+'J13'!V20+'J14'!V20+'J15'!V20+'J16'!V20+'J17'!V20+'J18'!V20+'J19'!V20+'J20'!V20+'J21'!V20+'J22'!V20 -> 2 | Y20: =IFERROR(AA20/SUM(AA20:AD20), "") -> 0.6 | Z20: =SUM(AA20:AD20) -> 5 | AA20: ='J1'!Y20+'J2'!Y20+'J3'!Y20+'J4'!Y20+'J5'!Y20+'J6'!Y20+'J7'!Y20+'J8'!Y20+'J9'!Y20+'J10'!Y20++'J11'!Y20+'J12'!Y20+'J13'!Y20+'J14'!Y20+'J15'!Y20+'J16'!Y20+'J17'!Y20+'J18'!Y20+'J19'!Y20+'J20'!Y20+'J21'!Y20+'J22'!Y20 -> 3 | AB20: ='J1'!Z20+'J2'!Z20+'J3'!Z20+'J4'!Z20+'J5'!Z20+'J6'!Z20+'J7'!Z20+'J8'!Z20+'J9'!Z20+'J10'!Z20++'J11'!Z20+'J12'!Z20+'J13'!Z20+'J14'!Z20+'J15'!Z20+'J16'!Z20+'J17'!Z20+'J18'!Z20+'J19'!Z20+'J20'!Z20+'J21'!Z20+'J22'!Z20 -> 1 | AC20: ='J1'!AA20+'J2'!AA20+'J3'!AA20+'J4'!AA20+'J5'!AA20+'J6'!AA20+'J7'!AA20+'J8'!AA20+'J9'!AA20+'J10'!AA20++'J11'!AA20+'J12'!AA20+'J13'!AA20+'J14'!AA20+'J15'!AA20+'J16'!AA20+'J17'!AA20+'J18'!AA20+'J19'!AA20+'J20'!AA20+'J21'!AA20+'J22'!AA20 -> 1 | AD20: ='J1'!AB20+'J2'!AB20+'J3'!AB20+'J4'!AB20+'J5'!AB20+'J6'!AB20+'J7'!AB20+'J8'!AB20+'J9'!AB20+'J10'!AB20++'J11'!AB20+'J12'!AB20+'J13'!AB20+'J14'!AB20+'J15'!AB20+'J16'!AB20+'J17'!AB20+'J18'!AB20+'J19'!AB20+'J20'!AB20+'J21'!AB20+'J22'!AB20 -> 0 | AE20: =IFERROR(AG20/SUM(AG20:AJ20), "") -> 0.69512195 | AF20: =SUM(AG20:AJ20) -> 82 | AG20: ='J1'!AE20+'J2'!AE20+'J3'!AE20+'J4'!AE20+'J5'!AE20+'J6'!AE20+'J7'!AE20+'J8'!AE20+'J9'!AE20+'J10'!AE20++'J11'!AE20+'J12'!AE20+'J13'!AE20+'J14'!AE20+'J15'!AE20+'J16'!AE20+'J17'!AE20+'J18'!AE20+'J19'!AE20+'J20'!AE20+'J21'!AE20+'J22'!AE20 -> 57 | AH20: ='J1'!AF20+'J2'!AF20+'J3'!AF20+'J4'!AF20+'J5'!AF20+'J6'!AF20+'J7'!AF20+'J8'!AF20+'J9'!AF20+'J10'!AF20++'J11'!AF20+'J12'!AF20+'J13'!AF20+'J14'!AF20+'J15'!AF20+'J16'!AF20+'J17'!AF20+'J18'!AF20+'J19'!AF20+'J20'!AF20+'J21'!AF20+'J22'!AF20 -> 13 | AI20: ='J1'!AG20+'J2'!AG20+'J3'!AG20+'J4'!AG20+'J5'!AG20+'J6'!AG20+'J7'!AG20+'J8'!AG20+'J9'!AG20+'J10'!AG20++'J11'!AG20+'J12'!AG20+'J13'!AG20+'J14'!AG20+'J15'!AG20+'J16'!AG20+'J17'!AG20+'J18'!AG20+'J19'!AG20+'J20'!AG20+'J21'!AG20+'J22'!AG20 -> 9 | AJ20: ='J1'!AH20+'J2'!AH20+'J3'!AH20+'J4'!AH20+'J5'!AH20+'J6'!AH20+'J7'!AH20+'J8'!AH20+'J9'!AH20+'J10'!AH20++'J11'!AH20+'J12'!AH20+'J13'!AH20+'J14'!AH20+'J15'!AH20+'J16'!AH20+'J17'!AH20+'J18'!AH20+'J19'!AH20+'J20'!AH20+'J21'!AH20+'J22'!AH20 -> 3 | AK20: =IFERROR(AM20/SUM(AM20:AP20), "") -> 0.92857143 | AL20: =SUM(AM20:AP20) -> 14 | AM20: ='J1'!AK20+'J2'!AK20+'J3'!AK20+'J4'!AK20+'J5'!AK20+'J6'!AK20+'J7'!AK20+'J8'!AK20+'J9'!AK20+'J10'!AK20++'J11'!AK20+'J12'!AK20+'J13'!AK20+'J14'!AK20+'J15'!AK20+'J16'!AK20+'J17'!AK20+'J18'!AK20+'J19'!AK20+'J20'!AK20+'J21'!AK20+'J22'!AK20 -> 13 | AN20: ='J1'!AL20+'J2'!AL20+'J3'!AL20+'J4'!AL20+'J5'!AL20+'J6'!AL20+'J7'!AL20+'J8'!AL20+'J9'!AL20+'J10'!AL20++'J11'!AL20+'J12'!AL20+'J13'!AL20+'J14'!AL20+'J15'!AL20+'J16'!AL20+'J17'!AL20+'J18'!AL20+'J19'!AL20+'J20'!AL20+'J21'!AL20+'J22'!AL20 -> 1 | AO20: ='J1'!AM20+'J2'!AM20+'J3'!AM20+'J4'!AM20+'J5'!AM20+'J6'!AM20+'J7'!AM20+'J8'!AM20+'J9'!AM20+'J10'!AM20++'J11'!AM20+'J12'!AM20+'J13'!AM20+'J14'!AM20+'J15'!AM20+'J16'!AM20+'J17'!AM20+'J18'!AM20+'J19'!AM20+'J20'!AM20+'J21'!AM20+'J22'!AM20 -> 0 | AP20: ='J1'!AN20+'J2'!AN20+'J3'!AN20+'J4'!AN20+'J5'!AN20+'J6'!AN20+'J7'!AN20+'J8'!AN20+'J9'!AN20+'J10'!AN20++'J11'!AN20+'J12'!AN20+'J13'!AN20+'J14'!AN20+'J15'!AN20+'J16'!AN20+'J17'!AN20+'J18'!AN20+'J19'!AN20+'J20'!AN20+'J21'!AN20+'J22'!AN20 -> 0 | AQ20: =SUM(AR20:AV20) -> 16 | AR20: ='J1'!AP20+'J2'!AP20+'J3'!AP20+'J4'!AP20+'J5'!AP20+'J6'!AP20+'J7'!AP20+'J8'!AP20+'J9'!AP20+'J10'!AP20++'J11'!AP20+'J12'!AP20+'J13'!AP20+'J14'!AP20+'J15'!AP20+'J16'!AP20+'J17'!AP20+'J18'!AP20+'J19'!AP20+'J20'!AP20+'J21'!AP20+'J22'!AP20 -> 0 | AS20: ='J1'!AQ20+'J2'!AQ20+'J3'!AQ20+'J4'!AQ20+'J5'!AQ20+'J6'!AQ20+'J7'!AQ20+'J8'!AQ20+'J9'!AQ20+'J10'!AQ20++'J11'!AQ20+'J12'!AQ20+'J13'!AQ20+'J14'!AQ20+'J15'!AQ20+'J16'!AQ20+'J17'!AQ20+'J18'!AQ20+'J19'!AQ20+'J20'!AQ20+'J21'!AQ20+'J22'!AQ20 -> 1 | AT20: ='J1'!AR20+'J2'!AR20+'J3'!AR20+'J4'!AR20+'J5'!AR20+'J6'!AR20+'J7'!AR20+'J8'!AR20+'J9'!AR20+'J10'!AR20++'J11'!AR20+'J12'!AR20+'J13'!AR20+'J14'!AR20+'J15'!AR20+'J16'!AR20+'J17'!AR20+'J18'!AR20+'J19'!AR20+'J20'!AR20+'J21'!AR20+'J22'!AR20 -> 14 | AU20: ='J1'!AS20+'J2'!AS20+'J3'!AS20+'J4'!AS20+'J5'!AS20+'J6'!AS20+'J7'!AS20+'J8'!AS20+'J9'!AS20+'J10'!AS20++'J11'!AS20+'J12'!AS20+'J13'!AS20+'J14'!AS20+'J15'!AS20+'J16'!AS20+'J17'!AS20+'J18'!AS20+'J19'!AS20+'J20'!AS20+'J21'!AS20+'J22'!AS20 -> 1 | AV20: ='J1'!AT20+'J2'!AT20+'J3'!AT20+'J4'!AT20+'J5'!AT20+'J6'!AT20+'J7'!AT20+'J8'!AT20+'J9'!AT20+'J10'!AT20++'J11'!AT20+'J12'!AT20+'J13'!AT20+'J14'!AT20+'J15'!AT20+'J16'!AT20+'J17'!AT20+'J18'!AT20+'J19'!AT20+'J20'!AT20+'J21'!AT20+'J22'!AT20 -> 0 | AW20: =AX20+AY20+AZ20+BA20+BB20+BC20+BD20+0.5*BE20+BF20+BG20+2*BH20+2*BI20 -> 10 | AX20: ='J1'!AV20+'J2'!AV20+'J3'!AV20+'J4'!AV20+'J5'!AV20+'J6'!AV20+'J7'!AV20+'J8'!AV20+'J9'!AV20+'J10'!AV20++'J11'!AV20+'J12'!AV20+'J13'!AV20+'J14'!AV20+'J15'!AV20+'J16'!AV20+'J17'!AV20+'J18'!AV20+'J19'!AV20+'J20'!AV20+'J21'!AV20+'J22'!AV20 -> 8 | AY20: ='J1'!AW20+'J2'!AW20+'J3'!AW20+'J4'!AW20+'J5'!AW20+'J6'!AW20+'J7'!AW20+'J8'!AW20+'J9'!AW20+'J10'!AW20++'J11'!AW20+'J12'!AW20+'J13'!AW20+'J14'!AW20+'J15'!AW20+'J16'!AW20+'J17'!AW20+'J18'!AW20+'J19'!AW20+'J20'!AW20+'J21'!AW20+'J22'!AW20 -> 0 | AZ20: ='J1'!AX20+'J2'!AX20+'J3'!AX20+'J4'!AX20+'J5'!AX20+'J6'!AX20+'J7'!AX20+'J8'!AX20+'J9'!AX20+'J10'!AX20++'J11'!AX20+'J12'!AX20+'J13'!AX20+'J14'!AX20+'J15'!AX20+'J16'!AX20+'J17'!AX20+'J18'!AX20+'J19'!AX20+'J20'!AX20+'J21'!AX20+'J22'!AX20 -> 0 | BA20: ='J1'!AY20+'J2'!AY20+'J3'!AY20+'J4'!AY20+'J5'!AY20+'J6'!AY20+'J7'!AY20+'J8'!AY20+'J9'!AY20+'J10'!AY20++'J11'!AY20+'J12'!AY20+'J13'!AY20+'J14'!AY20+'J15'!AY20+'J16'!AY20+'J17'!AY20+'J18'!AY20+'J19'!AY20+'J20'!AY20+'J21'!AY20+'J22'!AY20 -> 0 | BB20: ='J1'!AZ20+'J2'!AZ20+'J3'!AZ20+'J4'!AZ20+'J5'!AZ20+'J6'!AZ20+'J7'!AZ20+'J8'!AZ20+'J9'!AZ20+'J10'!AZ20++'J11'!AZ20+'J12'!AZ20+'J13'!AZ20+'J14'!AZ20+'J15'!AZ20+'J16'!AZ20+'J17'!AZ20+'J18'!AZ20+'J19'!AZ20+'J20'!AZ20+'J21'!AZ20+'J22'!AZ20 -> 0 | BC20: ='J1'!BA20+'J2'!BA20+'J3'!BA20+'J4'!BA20+'J5'!BA20+'J6'!BA20+'J7'!BA20+'J8'!BA20+'J9'!BA20+'J10'!BA20++'J11'!BA20+'J12'!BA20+'J13'!BA20+'J14'!BA20+'J15'!BA20+'J16'!BA20+'J17'!BA20+'J18'!BA20+'J19'!BA20+'J20'!BA20+'J21'!BA20+'J22'!BA20 -> 0 | BD20: ='J1'!BB20+'J2'!BB20+'J3'!BB20+'J4'!BB20+'J5'!BB20+'J6'!BB20+'J7'!BB20+'J8'!BB20+'J9'!BB20+'J10'!BB20++'J11'!BB20+'J12'!BB20+'J13'!BB20+'J14'!BB20+'J15'!BB20+'J16'!BB20+'J17'!BB20+'J18'!BB20+'J19'!BB20+'J20'!BB20+'J21'!BB20+'J22'!BB20 -> 0 | BE20: ='J1'!BC20+'J2'!BC20+'J3'!BC20+'J4'!BC20+'J5'!BC20+'J6'!BC20+'J7'!BC20+'J8'!BC20+'J9'!BC20+'J10'!BC20++'J11'!BC20+'J12'!BC20+'J13'!BC20+'J14'!BC20+'J15'!BC20+'J16'!BC20+'J17'!BC20+'J18'!BC20+'J19'!BC20+'J20'!BC20+'J21'!BC20+'J22'!BC20 -> 0 | ... BI20: ='J1'!BG20+'J2'!BG20+'J3'!BG20+'J4'!BG20+'J5'!BG20+'J6'!BG20+'J7'!BG20+'J8'!BG20+'J9'!BG20+'J10'!BG20++'J11'!BG20+'J12'!BG20+'J13'!BG20+'J14'!BG20+'J15'!BG20+'J16'!BG20+'J17'!BG20+'J18'!BG20+'J19'!BG20+'J20'!BG20+'J21'!BG20+'J22'!BG20 -> 0
F21: JUAN | H21: 8 | I21: 1 | J21: =('J1'!I21+'J2'!I21+'J3'!I21+'J4'!I20+'J5'!I21+'J6'!I21+'J7'!I21+'J8'!I21+'J9'!I21+'J10'!I21++'J11'!I21+'J12'!I21+'J13'!I21+'J14'!I21+'J15'!I21+'J16'!I21+'J17'!I21+'J18'!I21+'J19'!I21+'J20'!I21+'J21'!I21+'J22'!I21)/H21 -> 27.25 | K21: =J21/60 -> 0.45416667 | L21: =('J1'!J21+'J2'!J21+'J3'!J21+'J4'!J21+'J5'!J21+'J6'!J21+'J7'!J21+'J8'!J21+'J9'!J21+'J10'!J21++'J11'!J21+'J12'!J21+'J13'!J21+'J14'!J21+'J15'!J21+'J16'!J21+'J17'!J21+'J18'!J21+'J19'!J21+'J20'!J21+'J21'!J21+'J22'!J21)/$C$3 -> 0 | M21: =('J1'!K21+'J2'!K21+'J3'!K21+'J4'!K21+'J5'!K21+'J6'!K21+'J7'!K21+'J8'!K21+'J9'!K21+'J10'!K21++'J11'!K21+'J12'!K21+'J13'!K21+'J14'!K21+'J15'!K21+'J16'!K21+'J17'!K21+'J18'!K21+'J19'!K21+'J20'!K21+'J21'!K21+'J22'!K21)/$C$3 -> 0 | N21: =('J1'!L21+'J2'!L21+'J3'!L21+'J4'!L21+'J5'!L21+'J6'!L21+'J7'!L21+'J8'!L21+'J9'!L21+'J10'!L21+'J11'!L21+'J12'!L21+'J13'!L21+'J14'!L21+'J15'!L21+'J16'!L21+'J17'!L21+'J18'!L21+'J19'!L21+'J20'!L21+'J21'!L21+'J22'!L21)/$C$3 -> 0 | O21: =IFERROR(Q21/P21,"") | P21: =SUM(T21:X21)+SUM(AG21:AJ21)+SUM(AM21:AP21)+SUM(AA21:AD21) -> 0 | Q21: =T21+AG21+AM21+AA21 -> 0 | R21: =IF(SUM(T21:X21)=0,"",T21/SUM(T21:X21)) | S21: =SUM(T21:X21) -> 0 | T21: ='J1'!R21+'J2'!R21+'J3'!R21+'J4'!R21+'J5'!R21+'J6'!R21+'J7'!R21+'J8'!R21+'J9'!R21+'J10'!R21++'J11'!R21+'J12'!R21+'J13'!R21+'J14'!R21+'J15'!R21+'J16'!R21+'J17'!R21+'J18'!R21+'J19'!R21+'J20'!R21+'J21'!R21+'J22'!R21 -> 0 | U21: ='J1'!S21+'J2'!S21+'J3'!S21+'J4'!S21+'J5'!S21+'J6'!S21+'J7'!S21+'J8'!S21+'J9'!S21+'J10'!S21++'J11'!S21+'J12'!S21+'J13'!S21+'J14'!S21+'J15'!S21+'J16'!S21+'J17'!S21+'J18'!S21+'J19'!S21+'J20'!S21+'J21'!S21+'J22'!S21 -> 0 | V21: ='J1'!T21+'J2'!T21+'J3'!T21+'J4'!T21+'J5'!T21+'J6'!T21+'J7'!T21+'J8'!T21+'J9'!T21+'J10'!T21++'J11'!T21+'J12'!T21+'J13'!T21+'J14'!T21+'J15'!T21+'J16'!T21+'J17'!T21+'J18'!T21+'J19'!T21+'J20'!T21+'J21'!T21+'J22'!T21 -> 0 | W21: ='J1'!U21+'J2'!U21+'J3'!U21+'J4'!U21+'J5'!U21+'J6'!U21+'J7'!U21+'J8'!U21+'J9'!U21+'J10'!U21++'J11'!U21+'J12'!U21+'J13'!U21+'J14'!U21+'J15'!U21+'J16'!U21+'J17'!U21+'J18'!U21+'J19'!U21+'J20'!U21+'J21'!U21+'J22'!U21 -> 0 | X21: ='J1'!V21+'J2'!V21+'J3'!V21+'J4'!V21+'J5'!V21+'J6'!V21+'J7'!V21+'J8'!V21+'J9'!V21+'J10'!V21++'J11'!V21+'J12'!V21+'J13'!V21+'J14'!V21+'J15'!V21+'J16'!V21+'J17'!V21+'J18'!V21+'J19'!V21+'J20'!V21+'J21'!V21+'J22'!V21 -> 0 | Y21: =IFERROR(AA21/SUM(AA21:AD21), "") | Z21: =SUM(AA21:AD21) -> 0 | AA21: ='J1'!Y21+'J2'!Y21+'J3'!Y21+'J4'!Y21+'J5'!Y21+'J6'!Y21+'J7'!Y21+'J8'!Y21+'J9'!Y21+'J10'!Y21++'J11'!Y21+'J12'!Y21+'J13'!Y21+'J14'!Y21+'J15'!Y21+'J16'!Y21+'J17'!Y21+'J18'!Y21+'J19'!Y21+'J20'!Y21+'J21'!Y21+'J22'!Y21 -> 0 | AB21: ='J1'!Z21+'J2'!Z21+'J3'!Z21+'J4'!Z21+'J5'!Z21+'J6'!Z21+'J7'!Z21+'J8'!Z21+'J9'!Z21+'J10'!Z21++'J11'!Z21+'J12'!Z21+'J13'!Z21+'J14'!Z21+'J15'!Z21+'J16'!Z21+'J17'!Z21+'J18'!Z21+'J19'!Z21+'J20'!Z21+'J21'!Z21+'J22'!Z21 -> 0 | AC21: ='J1'!AA21+'J2'!AA21+'J3'!AA21+'J4'!AA21+'J5'!AA21+'J6'!AA21+'J7'!AA21+'J8'!AA21+'J9'!AA21+'J10'!AA21++'J11'!AA21+'J12'!AA21+'J13'!AA21+'J14'!AA21+'J15'!AA21+'J16'!AA21+'J17'!AA21+'J18'!AA21+'J19'!AA21+'J20'!AA21+'J21'!AA21+'J22'!AA21 -> 0 | AD21: ='J1'!AB21+'J2'!AB21+'J3'!AB21+'J4'!AB21+'J5'!AB21+'J6'!AB21+'J7'!AB21+'J8'!AB21+'J9'!AB21+'J10'!AB21++'J11'!AB21+'J12'!AB21+'J13'!AB21+'J14'!AB21+'J15'!AB21+'J16'!AB21+'J17'!AB21+'J18'!AB21+'J19'!AB21+'J20'!AB21+'J21'!AB21+'J22'!AB21 -> 0 | AE21: =IFERROR(AG21/SUM(AG21:AJ21), "") | AF21: =SUM(AG21:AJ21) -> 0 | AG21: ='J1'!AE21+'J2'!AE21+'J3'!AE21+'J4'!AE21+'J5'!AE21+'J6'!AE21+'J7'!AE21+'J8'!AE21+'J9'!AE21+'J10'!AE21++'J11'!AE21+'J12'!AE21+'J13'!AE21+'J14'!AE21+'J15'!AE21+'J16'!AE21+'J17'!AE21+'J18'!AE21+'J19'!AE21+'J20'!AE21+'J21'!AE21+'J22'!AE21 -> 0 | AH21: ='J1'!AF21+'J2'!AF21+'J3'!AF21+'J4'!AF21+'J5'!AF21+'J6'!AF21+'J7'!AF21+'J8'!AF21+'J9'!AF21+'J10'!AF21++'J11'!AF21+'J12'!AF21+'J13'!AF21+'J14'!AF21+'J15'!AF21+'J16'!AF21+'J17'!AF21+'J18'!AF21+'J19'!AF21+'J20'!AF21+'J21'!AF21+'J22'!AF21 -> 0 | AI21: ='J1'!AG21+'J2'!AG21+'J3'!AG21+'J4'!AG21+'J5'!AG21+'J6'!AG21+'J7'!AG21+'J8'!AG21+'J9'!AG21+'J10'!AG21++'J11'!AG21+'J12'!AG21+'J13'!AG21+'J14'!AG21+'J15'!AG21+'J16'!AG21+'J17'!AG21+'J18'!AG21+'J19'!AG21+'J20'!AG21+'J21'!AG21+'J22'!AG21 -> 0 | AJ21: ='J1'!AH21+'J2'!AH21+'J3'!AH21+'J4'!AH21+'J5'!AH21+'J6'!AH21+'J7'!AH21+'J8'!AH21+'J9'!AH21+'J10'!AH21++'J11'!AH21+'J12'!AH21+'J13'!AH21+'J14'!AH21+'J15'!AH21+'J16'!AH21+'J17'!AH21+'J18'!AH21+'J19'!AH21+'J20'!AH21+'J21'!AH21+'J22'!AH21 -> 0 | AK21: =IFERROR(AM21/SUM(AM21:AP21), "") | AL21: =SUM(AM21:AP21) -> 0 | AM21: ='J1'!AK21+'J2'!AK21+'J3'!AK21+'J4'!AK21+'J5'!AK21+'J6'!AK21+'J7'!AK21+'J8'!AK21+'J9'!AK21+'J10'!AK21++'J11'!AK21+'J12'!AK21+'J13'!AK21+'J14'!AK21+'J15'!AK21+'J16'!AK21+'J17'!AK21+'J18'!AK21+'J19'!AK21+'J20'!AK21+'J21'!AK21+'J22'!AK21 -> 0 | AN21: ='J1'!AL21+'J2'!AL21+'J3'!AL21+'J4'!AL21+'J5'!AL21+'J6'!AL21+'J7'!AL21+'J8'!AL21+'J9'!AL21+'J10'!AL21++'J11'!AL21+'J12'!AL21+'J13'!AL21+'J14'!AL21+'J15'!AL21+'J16'!AL21+'J17'!AL21+'J18'!AL21+'J19'!AL21+'J20'!AL21+'J21'!AL21+'J22'!AL21 -> 0 | AO21: ='J1'!AM21+'J2'!AM21+'J3'!AM21+'J4'!AM21+'J5'!AM21+'J6'!AM21+'J7'!AM21+'J8'!AM21+'J9'!AM21+'J10'!AM21++'J11'!AM21+'J12'!AM21+'J13'!AM21+'J14'!AM21+'J15'!AM21+'J16'!AM21+'J17'!AM21+'J18'!AM21+'J19'!AM21+'J20'!AM21+'J21'!AM21+'J22'!AM21 -> 0 | AP21: ='J1'!AN21+'J2'!AN21+'J3'!AN21+'J4'!AN21+'J5'!AN21+'J6'!AN21+'J7'!AN21+'J8'!AN21+'J9'!AN21+'J10'!AN21++'J11'!AN21+'J12'!AN21+'J13'!AN21+'J14'!AN21+'J15'!AN21+'J16'!AN21+'J17'!AN21+'J18'!AN21+'J19'!AN21+'J20'!AN21+'J21'!AN21+'J22'!AN21 -> 0 | AQ21: =SUM(AR21:AV21) -> 0 | AR21: ='J1'!AP21+'J2'!AP21+'J3'!AP21+'J4'!AP21+'J5'!AP21+'J6'!AP21+'J7'!AP21+'J8'!AP21+'J9'!AP21+'J10'!AP21++'J11'!AP21+'J12'!AP21+'J13'!AP21+'J14'!AP21+'J15'!AP21+'J16'!AP21+'J17'!AP21+'J18'!AP21+'J19'!AP21+'J20'!AP21+'J21'!AP21+'J22'!AP21 -> 0 | AS21: ='J1'!AQ21+'J2'!AQ21+'J3'!AQ21+'J4'!AQ21+'J5'!AQ21+'J6'!AQ21+'J7'!AQ21+'J8'!AQ21+'J9'!AQ21+'J10'!AQ21++'J11'!AQ21+'J12'!AQ21+'J13'!AQ21+'J14'!AQ21+'J15'!AQ21+'J16'!AQ21+'J17'!AQ21+'J18'!AQ21+'J19'!AQ21+'J20'!AQ21+'J21'!AQ21+'J22'!AQ21 -> 0 | AT21: ='J1'!AR21+'J2'!AR21+'J3'!AR21+'J4'!AR21+'J5'!AR21+'J6'!AR21+'J7'!AR21+'J8'!AR21+'J9'!AR21+'J10'!AR21++'J11'!AR21+'J12'!AR21+'J13'!AR21+'J14'!AR21+'J15'!AR21+'J16'!AR21+'J17'!AR21+'J18'!AR21+'J19'!AR21+'J20'!AR21+'J21'!AR21+'J22'!AR21 -> 0 | AU21: ='J1'!AS21+'J2'!AS21+'J3'!AS21+'J4'!AS21+'J5'!AS21+'J6'!AS21+'J7'!AS21+'J8'!AS21+'J9'!AS21+'J10'!AS21++'J11'!AS21+'J12'!AS21+'J13'!AS21+'J14'!AS21+'J15'!AS21+'J16'!AS21+'J17'!AS21+'J18'!AS21+'J19'!AS21+'J20'!AS21+'J21'!AS21+'J22'!AS21 -> 0 | AV21: ='J1'!AT21+'J2'!AT21+'J3'!AT21+'J4'!AT21+'J5'!AT21+'J6'!AT21+'J7'!AT21+'J8'!AT21+'J9'!AT21+'J10'!AT21++'J11'!AT21+'J12'!AT21+'J13'!AT21+'J14'!AT21+'J15'!AT21+'J16'!AT21+'J17'!AT21+'J18'!AT21+'J19'!AT21+'J20'!AT21+'J21'!AT21+'J22'!AT21 -> 0 | AW21: =AX21+AY21+AZ21+BA21+BB21+BC21+BD21+0.5*BE21+BF21+BG21+2*BH21+2*BI21 -> 0 | AX21: ='J1'!AV21+'J2'!AV21+'J3'!AV21+'J4'!AV21+'J5'!AV21+'J6'!AV21+'J7'!AV21+'J8'!AV21+'J9'!AV21+'J10'!AV21++'J11'!AV21+'J12'!AV21+'J13'!AV21+'J14'!AV21+'J15'!AV21+'J16'!AV21+'J17'!AV21+'J18'!AV21+'J19'!AV21+'J20'!AV21+'J21'!AV21+'J22'!AV21 -> 0 | AY21: ='J1'!AW21+'J2'!AW21+'J3'!AW21+'J4'!AW21+'J5'!AW21+'J6'!AW21+'J7'!AW21+'J8'!AW21+'J9'!AW21+'J10'!AW21++'J11'!AW21+'J12'!AW21+'J13'!AW21+'J14'!AW21+'J15'!AW21+'J16'!AW21+'J17'!AW21+'J18'!AW21+'J19'!AW21+'J20'!AW21+'J21'!AW21+'J22'!AW21 -> 0 | AZ21: ='J1'!AX21+'J2'!AX21+'J3'!AX21+'J4'!AX21+'J5'!AX21+'J6'!AX21+'J7'!AX21+'J8'!AX21+'J9'!AX21+'J10'!AX21++'J11'!AX21+'J12'!AX21+'J13'!AX21+'J14'!AX21+'J15'!AX21+'J16'!AX21+'J17'!AX21+'J18'!AX21+'J19'!AX21+'J20'!AX21+'J21'!AX21+'J22'!AX21 -> 0 | BA21: ='J1'!AY21+'J2'!AY21+'J3'!AY21+'J4'!AY21+'J5'!AY21+'J6'!AY21+'J7'!AY21+'J8'!AY21+'J9'!AY21+'J10'!AY21++'J11'!AY21+'J12'!AY21+'J13'!AY21+'J14'!AY21+'J15'!AY21+'J16'!AY21+'J17'!AY21+'J18'!AY21+'J19'!AY21+'J20'!AY21+'J21'!AY21+'J22'!AY21 -> 0 | BB21: ='J1'!AZ21+'J2'!AZ21+'J3'!AZ21+'J4'!AZ21+'J5'!AZ21+'J6'!AZ21+'J7'!AZ21+'J8'!AZ21+'J9'!AZ21+'J10'!AZ21++'J11'!AZ21+'J12'!AZ21+'J13'!AZ21+'J14'!AZ21+'J15'!AZ21+'J16'!AZ21+'J17'!AZ21+'J18'!AZ21+'J19'!AZ21+'J20'!AZ21+'J21'!AZ21+'J22'!AZ21 -> 0 | BC21: ='J1'!BA21+'J2'!BA21+'J3'!BA21+'J4'!BA21+'J5'!BA21+'J6'!BA21+'J7'!BA21+'J8'!BA21+'J9'!BA21+'J10'!BA21++'J11'!BA21+'J12'!BA21+'J13'!BA21+'J14'!BA21+'J15'!BA21+'J16'!BA21+'J17'!BA21+'J18'!BA21+'J19'!BA21+'J20'!BA21+'J21'!BA21+'J22'!BA21 -> 0 | BD21: ='J1'!BB21+'J2'!BB21+'J3'!BB21+'J4'!BB21+'J5'!BB21+'J6'!BB21+'J7'!BB21+'J8'!BB21+'J9'!BB21+'J10'!BB21++'J11'!BB21+'J12'!BB21+'J13'!BB21+'J14'!BB21+'J15'!BB21+'J16'!BB21+'J17'!BB21+'J18'!BB21+'J19'!BB21+'J20'!BB21+'J21'!BB21+'J22'!BB21 -> 0 | BE21: ='J1'!BC21+'J2'!BC21+'J3'!BC21+'J4'!BC21+'J5'!BC21+'J6'!BC21+'J7'!BC21+'J8'!BC21+'J9'!BC21+'J10'!BC21++'J11'!BC21+'J12'!BC21+'J13'!BC21+'J14'!BC21+'J15'!BC21+'J16'!BC21+'J17'!BC21+'J18'!BC21+'J19'!BC21+'J20'!BC21+'J21'!BC21+'J22'!BC21 -> 0 | ... BI21: ='J1'!BG21+'J2'!BG21+'J3'!BG21+'J4'!BG21+'J5'!BG21+'J6'!BG21+'J7'!BG21+'J8'!BG21+'J9'!BG21+'J10'!BG21++'J11'!BG21+'J12'!BG21+'J13'!BG21+'J14'!BG21+'J15'!BG21+'J16'!BG21+'J17'!BG21+'J18'!BG21+'J19'!BG21+'J20'!BG21+'J21'!BG21+'J22'!BG21 -> 0
F22: NICO | H22: 9 | I22: 0 | J22: =('J1'!I22+'J2'!I22+'J3'!I22+'J4'!I21+'J5'!I22+'J6'!I22+'J7'!I22+'J8'!I22+'J9'!I22+'J10'!I22++'J11'!I22+'J12'!I22+'J13'!I22+'J14'!I22+'J15'!I22+'J16'!I22+'J17'!I22+'J18'!I22+'J19'!I22+'J20'!I22+'J21'!I22+'J22'!I22)/H22 -> 18.777778 | K22: =J22/60 -> 0.31296296 | L22: =('J1'!J22+'J2'!J22+'J3'!J22+'J4'!J22+'J5'!J22+'J6'!J22+'J7'!J22+'J8'!J22+'J9'!J22+'J10'!J22++'J11'!J22+'J12'!J22+'J13'!J22+'J14'!J22+'J15'!J22+'J16'!J22+'J17'!J22+'J18'!J22+'J19'!J22+'J20'!J22+'J21'!J22+'J22'!J22)/$C$3 -> 0 | M22: =('J1'!K22+'J2'!K22+'J3'!K22+'J4'!K22+'J5'!K22+'J6'!K22+'J7'!K22+'J8'!K22+'J9'!K22+'J10'!K22++'J11'!K22+'J12'!K22+'J13'!K22+'J14'!K22+'J15'!K22+'J16'!K22+'J17'!K22+'J18'!K22+'J19'!K22+'J20'!K22+'J21'!K22+'J22'!K22)/$C$3 -> 0 | N22: =('J1'!L22+'J2'!L22+'J3'!L22+'J4'!L22+'J5'!L22+'J6'!L22+'J7'!L22+'J8'!L22+'J9'!L22+'J10'!L22+'J11'!L22+'J12'!L22+'J13'!L22+'J14'!L22+'J15'!L22+'J16'!L22+'J17'!L22+'J18'!L22+'J19'!L22+'J20'!L22+'J21'!L22+'J22'!L22)/$C$3 -> 0 | O22: =IFERROR(Q22/P22,"") | P22: =SUM(T22:X22)+SUM(AG22:AJ22)+SUM(AM22:AP22)+SUM(AA22:AD22) -> 0 | Q22: =T22+AG22+AM22+AA22 -> 0 | R22: =IF(SUM(T22:X22)=0,"",T22/SUM(T22:X22)) | S22: =SUM(T22:X22) -> 0 | T22: ='J1'!R22+'J2'!R22+'J3'!R22+'J4'!R22+'J5'!R22+'J6'!R22+'J7'!R22+'J8'!R22+'J9'!R22+'J10'!R22++'J11'!R22+'J12'!R22+'J13'!R22+'J14'!R22+'J15'!R22+'J16'!R22+'J17'!R22+'J18'!R22+'J19'!R22+'J20'!R22+'J21'!R22+'J22'!R22 -> 0 | U22: ='J1'!S22+'J2'!S22+'J3'!S22+'J4'!S22+'J5'!S22+'J6'!S22+'J7'!S22+'J8'!S22+'J9'!S22+'J10'!S22++'J11'!S22+'J12'!S22+'J13'!S22+'J14'!S22+'J15'!S22+'J16'!S22+'J17'!S22+'J18'!S22+'J19'!S22+'J20'!S22+'J21'!S22+'J22'!S22 -> 0 | V22: ='J1'!T22+'J2'!T22+'J3'!T22+'J4'!T22+'J5'!T22+'J6'!T22+'J7'!T22+'J8'!T22+'J9'!T22+'J10'!T22++'J11'!T22+'J12'!T22+'J13'!T22+'J14'!T22+'J15'!T22+'J16'!T22+'J17'!T22+'J18'!T22+'J19'!T22+'J20'!T22+'J21'!T22+'J22'!T22 -> 0 | W22: ='J1'!U22+'J2'!U22+'J3'!U22+'J4'!U22+'J5'!U22+'J6'!U22+'J7'!U22+'J8'!U22+'J9'!U22+'J10'!U22++'J11'!U22+'J12'!U22+'J13'!U22+'J14'!U22+'J15'!U22+'J16'!U22+'J17'!U22+'J18'!U22+'J19'!U22+'J20'!U22+'J21'!U22+'J22'!U22 -> 0 | X22: ='J1'!V22+'J2'!V22+'J3'!V22+'J4'!V22+'J5'!V22+'J6'!V22+'J7'!V22+'J8'!V22+'J9'!V22+'J10'!V22++'J11'!V22+'J12'!V22+'J13'!V22+'J14'!V22+'J15'!V22+'J16'!V22+'J17'!V22+'J18'!V22+'J19'!V22+'J20'!V22+'J21'!V22+'J22'!V22 -> 0 | Y22: =IFERROR(AA22/SUM(AA22:AD22), "") | Z22: =SUM(AA22:AD22) -> 0 | AA22: ='J1'!Y22+'J2'!Y22+'J3'!Y22+'J4'!Y22+'J5'!Y22+'J6'!Y22+'J7'!Y22+'J8'!Y22+'J9'!Y22+'J10'!Y22++'J11'!Y22+'J12'!Y22+'J13'!Y22+'J14'!Y22+'J15'!Y22+'J16'!Y22+'J17'!Y22+'J18'!Y22+'J19'!Y22+'J20'!Y22+'J21'!Y22+'J22'!Y22 -> 0 | AB22: ='J1'!Z22+'J2'!Z22+'J3'!Z22+'J4'!Z22+'J5'!Z22+'J6'!Z22+'J7'!Z22+'J8'!Z22+'J9'!Z22+'J10'!Z22++'J11'!Z22+'J12'!Z22+'J13'!Z22+'J14'!Z22+'J15'!Z22+'J16'!Z22+'J17'!Z22+'J18'!Z22+'J19'!Z22+'J20'!Z22+'J21'!Z22+'J22'!Z22 -> 0 | AC22: ='J1'!AA22+'J2'!AA22+'J3'!AA22+'J4'!AA22+'J5'!AA22+'J6'!AA22+'J7'!AA22+'J8'!AA22+'J9'!AA22+'J10'!AA22++'J11'!AA22+'J12'!AA22+'J13'!AA22+'J14'!AA22+'J15'!AA22+'J16'!AA22+'J17'!AA22+'J18'!AA22+'J19'!AA22+'J20'!AA22+'J21'!AA22+'J22'!AA22 -> 0 | AD22: ='J1'!AB22+'J2'!AB22+'J3'!AB22+'J4'!AB22+'J5'!AB22+'J6'!AB22+'J7'!AB22+'J8'!AB22+'J9'!AB22+'J10'!AB22++'J11'!AB22+'J12'!AB22+'J13'!AB22+'J14'!AB22+'J15'!AB22+'J16'!AB22+'J17'!AB22+'J18'!AB22+'J19'!AB22+'J20'!AB22+'J21'!AB22+'J22'!AB22 -> 0 | AE22: =IFERROR(AG22/SUM(AG22:AJ22), "") | AF22: =SUM(AG22:AJ22) -> 0 | AG22: ='J1'!AE22+'J2'!AE22+'J3'!AE22+'J4'!AE22+'J5'!AE22+'J6'!AE22+'J7'!AE22+'J8'!AE22+'J9'!AE22+'J10'!AE22++'J11'!AE22+'J12'!AE22+'J13'!AE22+'J14'!AE22+'J15'!AE22+'J16'!AE22+'J17'!AE22+'J18'!AE22+'J19'!AE22+'J20'!AE22+'J21'!AE22+'J22'!AE22 -> 0 | AH22: ='J1'!AF22+'J2'!AF22+'J3'!AF22+'J4'!AF22+'J5'!AF22+'J6'!AF22+'J7'!AF22+'J8'!AF22+'J9'!AF22+'J10'!AF22++'J11'!AF22+'J12'!AF22+'J13'!AF22+'J14'!AF22+'J15'!AF22+'J16'!AF22+'J17'!AF22+'J18'!AF22+'J19'!AF22+'J20'!AF22+'J21'!AF22+'J22'!AF22 -> 0 | AI22: ='J1'!AG22+'J2'!AG22+'J3'!AG22+'J4'!AG22+'J5'!AG22+'J6'!AG22+'J7'!AG22+'J8'!AG22+'J9'!AG22+'J10'!AG22++'J11'!AG22+'J12'!AG22+'J13'!AG22+'J14'!AG22+'J15'!AG22+'J16'!AG22+'J17'!AG22+'J18'!AG22+'J19'!AG22+'J20'!AG22+'J21'!AG22+'J22'!AG22 -> 0 | AJ22: ='J1'!AH22+'J2'!AH22+'J3'!AH22+'J4'!AH22+'J5'!AH22+'J6'!AH22+'J7'!AH22+'J8'!AH22+'J9'!AH22+'J10'!AH22++'J11'!AH22+'J12'!AH22+'J13'!AH22+'J14'!AH22+'J15'!AH22+'J16'!AH22+'J17'!AH22+'J18'!AH22+'J19'!AH22+'J20'!AH22+'J21'!AH22+'J22'!AH22 -> 0 | AK22: =IFERROR(AM22/SUM(AM22:AP22), "") | AL22: =SUM(AM22:AP22) -> 0 | AM22: ='J1'!AK22+'J2'!AK22+'J3'!AK22+'J4'!AK22+'J5'!AK22+'J6'!AK22+'J7'!AK22+'J8'!AK22+'J9'!AK22+'J10'!AK22++'J11'!AK22+'J12'!AK22+'J13'!AK22+'J14'!AK22+'J15'!AK22+'J16'!AK22+'J17'!AK22+'J18'!AK22+'J19'!AK22+'J20'!AK22+'J21'!AK22+'J22'!AK22 -> 0 | AN22: ='J1'!AL22+'J2'!AL22+'J3'!AL22+'J4'!AL22+'J5'!AL22+'J6'!AL22+'J7'!AL22+'J8'!AL22+'J9'!AL22+'J10'!AL22++'J11'!AL22+'J12'!AL22+'J13'!AL22+'J14'!AL22+'J15'!AL22+'J16'!AL22+'J17'!AL22+'J18'!AL22+'J19'!AL22+'J20'!AL22+'J21'!AL22+'J22'!AL22 -> 0 | AO22: ='J1'!AM22+'J2'!AM22+'J3'!AM22+'J4'!AM22+'J5'!AM22+'J6'!AM22+'J7'!AM22+'J8'!AM22+'J9'!AM22+'J10'!AM22++'J11'!AM22+'J12'!AM22+'J13'!AM22+'J14'!AM22+'J15'!AM22+'J16'!AM22+'J17'!AM22+'J18'!AM22+'J19'!AM22+'J20'!AM22+'J21'!AM22+'J22'!AM22 -> 0 | AP22: ='J1'!AN22+'J2'!AN22+'J3'!AN22+'J4'!AN22+'J5'!AN22+'J6'!AN22+'J7'!AN22+'J8'!AN22+'J9'!AN22+'J10'!AN22++'J11'!AN22+'J12'!AN22+'J13'!AN22+'J14'!AN22+'J15'!AN22+'J16'!AN22+'J17'!AN22+'J18'!AN22+'J19'!AN22+'J20'!AN22+'J21'!AN22+'J22'!AN22 -> 0 | AQ22: =SUM(AR22:AV22) -> 0 | AR22: ='J1'!AP22+'J2'!AP22+'J3'!AP22+'J4'!AP22+'J5'!AP22+'J6'!AP22+'J7'!AP22+'J8'!AP22+'J9'!AP22+'J10'!AP22++'J11'!AP22+'J12'!AP22+'J13'!AP22+'J14'!AP22+'J15'!AP22+'J16'!AP22+'J17'!AP22+'J18'!AP22+'J19'!AP22+'J20'!AP22+'J21'!AP22+'J22'!AP22 -> 0 | AS22: ='J1'!AQ22+'J2'!AQ22+'J3'!AQ22+'J4'!AQ22+'J5'!AQ22+'J6'!AQ22+'J7'!AQ22+'J8'!AQ22+'J9'!AQ22+'J10'!AQ22++'J11'!AQ22+'J12'!AQ22+'J13'!AQ22+'J14'!AQ22+'J15'!AQ22+'J16'!AQ22+'J17'!AQ22+'J18'!AQ22+'J19'!AQ22+'J20'!AQ22+'J21'!AQ22+'J22'!AQ22 -> 0 | AT22: ='J1'!AR22+'J2'!AR22+'J3'!AR22+'J4'!AR22+'J5'!AR22+'J6'!AR22+'J7'!AR22+'J8'!AR22+'J9'!AR22+'J10'!AR22++'J11'!AR22+'J12'!AR22+'J13'!AR22+'J14'!AR22+'J15'!AR22+'J16'!AR22+'J17'!AR22+'J18'!AR22+'J19'!AR22+'J20'!AR22+'J21'!AR22+'J22'!AR22 -> 0 | AU22: ='J1'!AS22+'J2'!AS22+'J3'!AS22+'J4'!AS22+'J5'!AS22+'J6'!AS22+'J7'!AS22+'J8'!AS22+'J9'!AS22+'J10'!AS22++'J11'!AS22+'J12'!AS22+'J13'!AS22+'J14'!AS22+'J15'!AS22+'J16'!AS22+'J17'!AS22+'J18'!AS22+'J19'!AS22+'J20'!AS22+'J21'!AS22+'J22'!AS22 -> 0 | AV22: ='J1'!AT22+'J2'!AT22+'J3'!AT22+'J4'!AT22+'J5'!AT22+'J6'!AT22+'J7'!AT22+'J8'!AT22+'J9'!AT22+'J10'!AT22++'J11'!AT22+'J12'!AT22+'J13'!AT22+'J14'!AT22+'J15'!AT22+'J16'!AT22+'J17'!AT22+'J18'!AT22+'J19'!AT22+'J20'!AT22+'J21'!AT22+'J22'!AT22 -> 0 | AW22: =AX22+AY22+AZ22+BA22+BB22+BC22+BD22+0.5*BE22+BF22+BG22+2*BH22+2*BI22 -> 0 | AX22: ='J1'!AV22+'J2'!AV22+'J3'!AV22+'J4'!AV22+'J5'!AV22+'J6'!AV22+'J7'!AV22+'J8'!AV22+'J9'!AV22+'J10'!AV22++'J11'!AV22+'J12'!AV22+'J13'!AV22+'J14'!AV22+'J15'!AV22+'J16'!AV22+'J17'!AV22+'J18'!AV22+'J19'!AV22+'J20'!AV22+'J21'!AV22+'J22'!AV22 -> 0 | AY22: ='J1'!AW22+'J2'!AW22+'J3'!AW22+'J4'!AW22+'J5'!AW22+'J6'!AW22+'J7'!AW22+'J8'!AW22+'J9'!AW22+'J10'!AW22++'J11'!AW22+'J12'!AW22+'J13'!AW22+'J14'!AW22+'J15'!AW22+'J16'!AW22+'J17'!AW22+'J18'!AW22+'J19'!AW22+'J20'!AW22+'J21'!AW22+'J22'!AW22 -> 0 | AZ22: ='J1'!AX22+'J2'!AX22+'J3'!AX22+'J4'!AX22+'J5'!AX22+'J6'!AX22+'J7'!AX22+'J8'!AX22+'J9'!AX22+'J10'!AX22++'J11'!AX22+'J12'!AX22+'J13'!AX22+'J14'!AX22+'J15'!AX22+'J16'!AX22+'J17'!AX22+'J18'!AX22+'J19'!AX22+'J20'!AX22+'J21'!AX22+'J22'!AX22 -> 0 | BA22: ='J1'!AY22+'J2'!AY22+'J3'!AY22+'J4'!AY22+'J5'!AY22+'J6'!AY22+'J7'!AY22+'J8'!AY22+'J9'!AY22+'J10'!AY22++'J11'!AY22+'J12'!AY22+'J13'!AY22+'J14'!AY22+'J15'!AY22+'J16'!AY22+'J17'!AY22+'J18'!AY22+'J19'!AY22+'J20'!AY22+'J21'!AY22+'J22'!AY22 -> 0 | BB22: ='J1'!AZ22+'J2'!AZ22+'J3'!AZ22+'J4'!AZ22+'J5'!AZ22+'J6'!AZ22+'J7'!AZ22+'J8'!AZ22+'J9'!AZ22+'J10'!AZ22++'J11'!AZ22+'J12'!AZ22+'J13'!AZ22+'J14'!AZ22+'J15'!AZ22+'J16'!AZ22+'J17'!AZ22+'J18'!AZ22+'J19'!AZ22+'J20'!AZ22+'J21'!AZ22+'J22'!AZ22 -> 0 | BC22: ='J1'!BA22+'J2'!BA22+'J3'!BA22+'J4'!BA22+'J5'!BA22+'J6'!BA22+'J7'!BA22+'J8'!BA22+'J9'!BA22+'J10'!BA22++'J11'!BA22+'J12'!BA22+'J13'!BA22+'J14'!BA22+'J15'!BA22+'J16'!BA22+'J17'!BA22+'J18'!BA22+'J19'!BA22+'J20'!BA22+'J21'!BA22+'J22'!BA22 -> 0 | BD22: ='J1'!BB22+'J2'!BB22+'J3'!BB22+'J4'!BB22+'J5'!BB22+'J6'!BB22+'J7'!BB22+'J8'!BB22+'J9'!BB22+'J10'!BB22++'J11'!BB22+'J12'!BB22+'J13'!BB22+'J14'!BB22+'J15'!BB22+'J16'!BB22+'J17'!BB22+'J18'!BB22+'J19'!BB22+'J20'!BB22+'J21'!BB22+'J22'!BB22 -> 0 | BE22: ='J1'!BC22+'J2'!BC22+'J3'!BC22+'J4'!BC22+'J5'!BC22+'J6'!BC22+'J7'!BC22+'J8'!BC22+'J9'!BC22+'J10'!BC22++'J11'!BC22+'J12'!BC22+'J13'!BC22+'J14'!BC22+'J15'!BC22+'J16'!BC22+'J17'!BC22+'J18'!BC22+'J19'!BC22+'J20'!BC22+'J21'!BC22+'J22'!BC22 -> 0 | ... BI22: ='J1'!BG22+'J2'!BG22+'J3'!BG22+'J4'!BG22+'J5'!BG22+'J6'!BG22+'J7'!BG22+'J8'!BG22+'J9'!BG22+'J10'!BG22++'J11'!BG22+'J12'!BG22+'J13'!BG22+'J14'!BG22+'J15'!BG22+'J16'!BG22+'J17'!BG22+'J18'!BG22+'J19'!BG22+'J20'!BG22+'J21'!BG22+'J22'!BG22 -> 0
F23: RAUL | H23: 8 | I23: 1 | J23: =('J1'!I23+'J2'!I23+'J3'!I23+'J4'!I22+'J5'!I23+'J6'!I23+'J7'!I23+'J8'!I23+'J9'!I23+'J10'!I23++'J11'!I23+'J12'!I23+'J13'!I23+'J14'!I23+'J15'!I23+'J16'!I23+'J17'!I23+'J18'!I23+'J19'!I23+'J20'!I23+'J21'!I23+'J22'!I23)/H23 -> 20.875 | K23: =J23/60 -> 0.34791667 | L23: =('J1'!J23+'J2'!J23+'J3'!J23+'J4'!J23+'J5'!J23+'J6'!J23+'J7'!J23+'J8'!J23+'J9'!J23+'J10'!J23++'J11'!J23+'J12'!J23+'J13'!J23+'J14'!J23+'J15'!J23+'J16'!J23+'J17'!J23+'J18'!J23+'J19'!J23+'J20'!J23+'J21'!J23+'J22'!J23)/$C$3 -> 0 | M23: =('J1'!K23+'J2'!K23+'J3'!K23+'J4'!K23+'J5'!K23+'J6'!K23+'J7'!K23+'J8'!K23+'J9'!K23+'J10'!K23++'J11'!K23+'J12'!K23+'J13'!K23+'J14'!K23+'J15'!K23+'J16'!K23+'J17'!K23+'J18'!K23+'J19'!K23+'J20'!K23+'J21'!K23+'J22'!K23)/$C$3 -> 0 | N23: =('J1'!L23+'J2'!L23+'J3'!L23+'J4'!L23+'J5'!L23+'J6'!L23+'J7'!L23+'J8'!L23+'J9'!L23+'J10'!L23+'J11'!L23+'J12'!L23+'J13'!L23+'J14'!L23+'J15'!L23+'J16'!L23+'J17'!L23+'J18'!L23+'J19'!L23+'J20'!L23+'J21'!L23+'J22'!L23)/$C$3 -> 0 | O23: =IFERROR(Q23/P23,"") | P23: =SUM(T23:X23)+SUM(AG23:AJ23)+SUM(AM23:AP23)+SUM(AA23:AD23) -> 0 | Q23: =T23+AG23+AM23+AA23 -> 0 | R23: =IF(SUM(T23:X23)=0,"",T23/SUM(T23:X23)) | S23: =SUM(T23:X23) -> 0 | T23: ='J1'!R23+'J2'!R23+'J3'!R23+'J4'!R23+'J5'!R23+'J6'!R23+'J7'!R23+'J8'!R23+'J9'!R23+'J10'!R23++'J11'!R23+'J12'!R23+'J13'!R23+'J14'!R23+'J15'!R23+'J16'!R23+'J17'!R23+'J18'!R23+'J19'!R23+'J20'!R23+'J21'!R23+'J22'!R23 -> 0 | U23: ='J1'!S23+'J2'!S23+'J3'!S23+'J4'!S23+'J5'!S23+'J6'!S23+'J7'!S23+'J8'!S23+'J9'!S23+'J10'!S23++'J11'!S23+'J12'!S23+'J13'!S23+'J14'!S23+'J15'!S23+'J16'!S23+'J17'!S23+'J18'!S23+'J19'!S23+'J20'!S23+'J21'!S23+'J22'!S23 -> 0 | V23: ='J1'!T23+'J2'!T23+'J3'!T23+'J4'!T23+'J5'!T23+'J6'!T23+'J7'!T23+'J8'!T23+'J9'!T23+'J10'!T23++'J11'!T23+'J12'!T23+'J13'!T23+'J14'!T23+'J15'!T23+'J16'!T23+'J17'!T23+'J18'!T23+'J19'!T23+'J20'!T23+'J21'!T23+'J22'!T23 -> 0 | W23: ='J1'!U23+'J2'!U23+'J3'!U23+'J4'!U23+'J5'!U23+'J6'!U23+'J7'!U23+'J8'!U23+'J9'!U23+'J10'!U23++'J11'!U23+'J12'!U23+'J13'!U23+'J14'!U23+'J15'!U23+'J16'!U23+'J17'!U23+'J18'!U23+'J19'!U23+'J20'!U23+'J21'!U23+'J22'!U23 -> 0 | X23: ='J1'!V23+'J2'!V23+'J3'!V23+'J4'!V23+'J5'!V23+'J6'!V23+'J7'!V23+'J8'!V23+'J9'!V23+'J10'!V23++'J11'!V23+'J12'!V23+'J13'!V23+'J14'!V23+'J15'!V23+'J16'!V23+'J17'!V23+'J18'!V23+'J19'!V23+'J20'!V23+'J21'!V23+'J22'!V23 -> 0 | Y23: =IFERROR(AA23/SUM(AA23:AD23), "") | Z23: =SUM(AA23:AD23) -> 0 | AA23: ='J1'!Y23+'J2'!Y23+'J3'!Y23+'J4'!Y23+'J5'!Y23+'J6'!Y23+'J7'!Y23+'J8'!Y23+'J9'!Y23+'J10'!Y23++'J11'!Y23+'J12'!Y23+'J13'!Y23+'J14'!Y23+'J15'!Y23+'J16'!Y23+'J17'!Y23+'J18'!Y23+'J19'!Y23+'J20'!Y23+'J21'!Y23+'J22'!Y23 -> 0 | AB23: ='J1'!Z23+'J2'!Z23+'J3'!Z23+'J4'!Z23+'J5'!Z23+'J6'!Z23+'J7'!Z23+'J8'!Z23+'J9'!Z23+'J10'!Z23++'J11'!Z23+'J12'!Z23+'J13'!Z23+'J14'!Z23+'J15'!Z23+'J16'!Z23+'J17'!Z23+'J18'!Z23+'J19'!Z23+'J20'!Z23+'J21'!Z23+'J22'!Z23 -> 0 | AC23: ='J1'!AA23+'J2'!AA23+'J3'!AA23+'J4'!AA23+'J5'!AA23+'J6'!AA23+'J7'!AA23+'J8'!AA23+'J9'!AA23+'J10'!AA23++'J11'!AA23+'J12'!AA23+'J13'!AA23+'J14'!AA23+'J15'!AA23+'J16'!AA23+'J17'!AA23+'J18'!AA23+'J19'!AA23+'J20'!AA23+'J21'!AA23+'J22'!AA23 -> 0 | AD23: ='J1'!AB23+'J2'!AB23+'J3'!AB23+'J4'!AB23+'J5'!AB23+'J6'!AB23+'J7'!AB23+'J8'!AB23+'J9'!AB23+'J10'!AB23++'J11'!AB23+'J12'!AB23+'J13'!AB23+'J14'!AB23+'J15'!AB23+'J16'!AB23+'J17'!AB23+'J18'!AB23+'J19'!AB23+'J20'!AB23+'J21'!AB23+'J22'!AB23 -> 0 | AE23: =IFERROR(AG23/SUM(AG23:AJ23), "") | AF23: =SUM(AG23:AJ23) -> 0 | AG23: ='J1'!AE23+'J2'!AE23+'J3'!AE23+'J4'!AE23+'J5'!AE23+'J6'!AE23+'J7'!AE23+'J8'!AE23+'J9'!AE23+'J10'!AE23++'J11'!AE23+'J12'!AE23+'J13'!AE23+'J14'!AE23+'J15'!AE23+'J16'!AE23+'J17'!AE23+'J18'!AE23+'J19'!AE23+'J20'!AE23+'J21'!AE23+'J22'!AE23 -> 0 | AH23: ='J1'!AF23+'J2'!AF23+'J3'!AF23+'J4'!AF23+'J5'!AF23+'J6'!AF23+'J7'!AF23+'J8'!AF23+'J9'!AF23+'J10'!AF23++'J11'!AF23+'J12'!AF23+'J13'!AF23+'J14'!AF23+'J15'!AF23+'J16'!AF23+'J17'!AF23+'J18'!AF23+'J19'!AF23+'J20'!AF23+'J21'!AF23+'J22'!AF23 -> 0 | AI23: ='J1'!AG23+'J2'!AG23+'J3'!AG23+'J4'!AG23+'J5'!AG23+'J6'!AG23+'J7'!AG23+'J8'!AG23+'J9'!AG23+'J10'!AG23++'J11'!AG23+'J12'!AG23+'J13'!AG23+'J14'!AG23+'J15'!AG23+'J16'!AG23+'J17'!AG23+'J18'!AG23+'J19'!AG23+'J20'!AG23+'J21'!AG23+'J22'!AG23 -> 0 | AJ23: ='J1'!AH23+'J2'!AH23+'J3'!AH23+'J4'!AH23+'J5'!AH23+'J6'!AH23+'J7'!AH23+'J8'!AH23+'J9'!AH23+'J10'!AH23++'J11'!AH23+'J12'!AH23+'J13'!AH23+'J14'!AH23+'J15'!AH23+'J16'!AH23+'J17'!AH23+'J18'!AH23+'J19'!AH23+'J20'!AH23+'J21'!AH23+'J22'!AH23 -> 0 | AK23: =IFERROR(AM23/SUM(AM23:AP23), "") | AL23: =SUM(AM23:AP23) -> 0 | AM23: ='J1'!AK23+'J2'!AK23+'J3'!AK23+'J4'!AK23+'J5'!AK23+'J6'!AK23+'J7'!AK23+'J8'!AK23+'J9'!AK23+'J10'!AK23++'J11'!AK23+'J12'!AK23+'J13'!AK23+'J14'!AK23+'J15'!AK23+'J16'!AK23+'J17'!AK23+'J18'!AK23+'J19'!AK23+'J20'!AK23+'J21'!AK23+'J22'!AK23 -> 0 | AN23: ='J1'!AL23+'J2'!AL23+'J3'!AL23+'J4'!AL23+'J5'!AL23+'J6'!AL23+'J7'!AL23+'J8'!AL23+'J9'!AL23+'J10'!AL23++'J11'!AL23+'J12'!AL23+'J13'!AL23+'J14'!AL23+'J15'!AL23+'J16'!AL23+'J17'!AL23+'J18'!AL23+'J19'!AL23+'J20'!AL23+'J21'!AL23+'J22'!AL23 -> 0 | AO23: ='J1'!AM23+'J2'!AM23+'J3'!AM23+'J4'!AM23+'J5'!AM23+'J6'!AM23+'J7'!AM23+'J8'!AM23+'J9'!AM23+'J10'!AM23++'J11'!AM23+'J12'!AM23+'J13'!AM23+'J14'!AM23+'J15'!AM23+'J16'!AM23+'J17'!AM23+'J18'!AM23+'J19'!AM23+'J20'!AM23+'J21'!AM23+'J22'!AM23 -> 0 | AP23: ='J1'!AN23+'J2'!AN23+'J3'!AN23+'J4'!AN23+'J5'!AN23+'J6'!AN23+'J7'!AN23+'J8'!AN23+'J9'!AN23+'J10'!AN23++'J11'!AN23+'J12'!AN23+'J13'!AN23+'J14'!AN23+'J15'!AN23+'J16'!AN23+'J17'!AN23+'J18'!AN23+'J19'!AN23+'J20'!AN23+'J21'!AN23+'J22'!AN23 -> 0 | AQ23: =SUM(AR23:AV23) -> 0 | AR23: ='J1'!AP23+'J2'!AP23+'J3'!AP23+'J4'!AP23+'J5'!AP23+'J6'!AP23+'J7'!AP23+'J8'!AP23+'J9'!AP23+'J10'!AP23++'J11'!AP23+'J12'!AP23+'J13'!AP23+'J14'!AP23+'J15'!AP23+'J16'!AP23+'J17'!AP23+'J18'!AP23+'J19'!AP23+'J20'!AP23+'J21'!AP23+'J22'!AP23 -> 0 | AS23: ='J1'!AQ23+'J2'!AQ23+'J3'!AQ23+'J4'!AQ23+'J5'!AQ23+'J6'!AQ23+'J7'!AQ23+'J8'!AQ23+'J9'!AQ23+'J10'!AQ23++'J11'!AQ23+'J12'!AQ23+'J13'!AQ23+'J14'!AQ23+'J15'!AQ23+'J16'!AQ23+'J17'!AQ23+'J18'!AQ23+'J19'!AQ23+'J20'!AQ23+'J21'!AQ23+'J22'!AQ23 -> 0 | AT23: ='J1'!AR23+'J2'!AR23+'J3'!AR23+'J4'!AR23+'J5'!AR23+'J6'!AR23+'J7'!AR23+'J8'!AR23+'J9'!AR23+'J10'!AR23++'J11'!AR23+'J12'!AR23+'J13'!AR23+'J14'!AR23+'J15'!AR23+'J16'!AR23+'J17'!AR23+'J18'!AR23+'J19'!AR23+'J20'!AR23+'J21'!AR23+'J22'!AR23 -> 0 | AU23: ='J1'!AS23+'J2'!AS23+'J3'!AS23+'J4'!AS23+'J5'!AS23+'J6'!AS23+'J7'!AS23+'J8'!AS23+'J9'!AS23+'J10'!AS23++'J11'!AS23+'J12'!AS23+'J13'!AS23+'J14'!AS23+'J15'!AS23+'J16'!AS23+'J17'!AS23+'J18'!AS23+'J19'!AS23+'J20'!AS23+'J21'!AS23+'J22'!AS23 -> 0 | AV23: ='J1'!AT23+'J2'!AT23+'J3'!AT23+'J4'!AT23+'J5'!AT23+'J6'!AT23+'J7'!AT23+'J8'!AT23+'J9'!AT23+'J10'!AT23++'J11'!AT23+'J12'!AT23+'J13'!AT23+'J14'!AT23+'J15'!AT23+'J16'!AT23+'J17'!AT23+'J18'!AT23+'J19'!AT23+'J20'!AT23+'J21'!AT23+'J22'!AT23 -> 0 | AW23: =AX23+AY23+AZ23+BA23+BB23+BC23+BD23+0.5*BE23+BF23+BG23+2*BH23+2*BI23 -> 0 | AX23: ='J1'!AV23+'J2'!AV23+'J3'!AV23+'J4'!AV23+'J5'!AV23+'J6'!AV23+'J7'!AV23+'J8'!AV23+'J9'!AV23+'J10'!AV23++'J11'!AV23+'J12'!AV23+'J13'!AV23+'J14'!AV23+'J15'!AV23+'J16'!AV23+'J17'!AV23+'J18'!AV23+'J19'!AV23+'J20'!AV23+'J21'!AV23+'J22'!AV23 -> 0 | AY23: ='J1'!AW23+'J2'!AW23+'J3'!AW23+'J4'!AW23+'J5'!AW23+'J6'!AW23+'J7'!AW23+'J8'!AW23+'J9'!AW23+'J10'!AW23++'J11'!AW23+'J12'!AW23+'J13'!AW23+'J14'!AW23+'J15'!AW23+'J16'!AW23+'J17'!AW23+'J18'!AW23+'J19'!AW23+'J20'!AW23+'J21'!AW23+'J22'!AW23 -> 0 | AZ23: ='J1'!AX23+'J2'!AX23+'J3'!AX23+'J4'!AX23+'J5'!AX23+'J6'!AX23+'J7'!AX23+'J8'!AX23+'J9'!AX23+'J10'!AX23++'J11'!AX23+'J12'!AX23+'J13'!AX23+'J14'!AX23+'J15'!AX23+'J16'!AX23+'J17'!AX23+'J18'!AX23+'J19'!AX23+'J20'!AX23+'J21'!AX23+'J22'!AX23 -> 0 | BA23: ='J1'!AY23+'J2'!AY23+'J3'!AY23+'J4'!AY23+'J5'!AY23+'J6'!AY23+'J7'!AY23+'J8'!AY23+'J9'!AY23+'J10'!AY23++'J11'!AY23+'J12'!AY23+'J13'!AY23+'J14'!AY23+'J15'!AY23+'J16'!AY23+'J17'!AY23+'J18'!AY23+'J19'!AY23+'J20'!AY23+'J21'!AY23+'J22'!AY23 -> 0 | BB23: ='J1'!AZ23+'J2'!AZ23+'J3'!AZ23+'J4'!AZ23+'J5'!AZ23+'J6'!AZ23+'J7'!AZ23+'J8'!AZ23+'J9'!AZ23+'J10'!AZ23++'J11'!AZ23+'J12'!AZ23+'J13'!AZ23+'J14'!AZ23+'J15'!AZ23+'J16'!AZ23+'J17'!AZ23+'J18'!AZ23+'J19'!AZ23+'J20'!AZ23+'J21'!AZ23+'J22'!AZ23 -> 0 | BC23: ='J1'!BA23+'J2'!BA23+'J3'!BA23+'J4'!BA23+'J5'!BA23+'J6'!BA23+'J7'!BA23+'J8'!BA23+'J9'!BA23+'J10'!BA23++'J11'!BA23+'J12'!BA23+'J13'!BA23+'J14'!BA23+'J15'!BA23+'J16'!BA23+'J17'!BA23+'J18'!BA23+'J19'!BA23+'J20'!BA23+'J21'!BA23+'J22'!BA23 -> 0 | BD23: ='J1'!BB23+'J2'!BB23+'J3'!BB23+'J4'!BB23+'J5'!BB23+'J6'!BB23+'J7'!BB23+'J8'!BB23+'J9'!BB23+'J10'!BB23++'J11'!BB23+'J12'!BB23+'J13'!BB23+'J14'!BB23+'J15'!BB23+'J16'!BB23+'J17'!BB23+'J18'!BB23+'J19'!BB23+'J20'!BB23+'J21'!BB23+'J22'!BB23 -> 0 | BE23: ='J1'!BC23+'J2'!BC23+'J3'!BC23+'J4'!BC23+'J5'!BC23+'J6'!BC23+'J7'!BC23+'J8'!BC23+'J9'!BC23+'J10'!BC23++'J11'!BC23+'J12'!BC23+'J13'!BC23+'J14'!BC23+'J15'!BC23+'J16'!BC23+'J17'!BC23+'J18'!BC23+'J19'!BC23+'J20'!BC23+'J21'!BC23+'J22'!BC23 -> 0 | ... BI23: ='J1'!BG23+'J2'!BG23+'J3'!BG23+'J4'!BG23+'J5'!BG23+'J6'!BG23+'J7'!BG23+'J8'!BG23+'J9'!BG23+'J10'!BG23++'J11'!BG23+'J12'!BG23+'J13'!BG23+'J14'!BG23+'J15'!BG23+'J16'!BG23+'J17'!BG23+'J18'!BG23+'J19'!BG23+'J20'!BG23+'J21'!BG23+'J22'!BG23 -> 0
Y24: =IFERROR(AA24/SUM(AA24:AD24), "") | AE24: =IFERROR(AG24/SUM(AG24:AJ24), "") | AK24: =IFERROR(AM24/SUM(AM24:AP24), "")
E25: TOTAL | H25: =SUM(H10:I23) -> 126 | I25: =14*C3 -> 126 | L25: =SUM(L10:L21)/12 -> 0 | M25: =SUM(M10:M21)/12 -> 0 | N25: =SUM(N10:N24)/12 -> 0.56944444 | O25: =Q25/P25 -> 0.65709156 | P25: =SUM(T25:X25)+SUM(AG25:AJ25)+SUM(AM25:AP25)+SUM(AA25:AD25) -> 557 | Q25: =T25+AG25+AM25+AA25 -> 366 | R25: =T25/SUM(T25:X25) -> 0.4742268 | S25: =SUM(T25:X25) -> 97 | T25: =SUM(T10:T24) -> 46 | U25: =SUM(U10:U24) -> 25 | V25: =SUM(V10:V24) -> 6 | W25: =SUM(W10:W24) -> 18 | X25: =SUM(X10:X24) -> 2 | Y25: =AA25/SUM(AA25:AD25) -> 0.59433962 | Z25: =SUM(AA25:AD25) -> 106 | AA25: =SUM(AA10:AA24) -> 63 | AB25: =SUM(AB10:AB24) -> 30 | AC25: =SUM(AC10:AC24) -> 5 | AD25: =SUM(AD10:AD24) -> 8 | AE25: =AG25/SUM(AG25:AJ25) -> 0.71884984 | AF25: =SUM(AG25:AJ25) -> 313 | AG25: =SUM(AG10:AG24) -> 225 | AH25: =SUM(AH10:AH24) -> 45 | AI25: =SUM(AI10:AI24) -> 19 | AJ25: =SUM(AJ10:AJ24) -> 24 | AK25: =AM25/SUM(AM25:AP25) -> 0.7804878 | AL25: =SUM(AM25:AP25) -> 41 | AM25: =SUM(AM10:AM24) -> 32 | AN25: =SUM(AN10:AN24) -> 6 | AO25: =SUM(AO10:AO24) -> 1 | AP25: =SUM(AP10:AP24) -> 2 | AQ25: =SUM(AQ10:AQ24) -> 77.5 | AR25: =SUM(AR10:AR24) -> 0 | AS25: =SUM(AS10:AS24) -> 4 | AT25: =SUM(AT10:AT24) -> 61 | ... BG25: =SUM(BG10:BG24) -> 1
H26: Este valor debe ser el mismo
O28: ACUMULADO ZONAS DE LANZAMIENTO POR PORTERO TOTAL AÑO
O29: Extr | Q29: 6 m | S29: 9 m | U29: 7 m
I31: RAUL | R31: GOLES | AI31: PARADAS
I32: V.C.
S33: D | X33: I | Z33: =T34+U34+W34+T35+U35+W35+T36+U36+W36 -> 81 | AJ33: D | AO33: I | AQ33: =AK34+AL34+AN34+AK35+AL35+AN35+AK36+AL36+AN36 -> 37
I34: TOTAL ACUMULADO | T34: ='J1'!U34+'J2'!U34+'J3'!U34+'J4'!U34+'J5'!U34+'J6'!U34+'J7'!U34+'J8'!U34+'J9'!U34+'J10'!U34+'J11'!U34+'J12'!U34+'J13'!U34+'J14'!U34+'J15'!U34+'J16'!U34+'J17'!U34+'J18'!U34+'J19'!U34+'J20'!U34+'J21'!U34+'J22'!U34 -> 4 | U34: ='J1'!V34+'J2'!V34+'J3'!V34+'J4'!V34+'J5'!V34+'J6'!V34+'J7'!V34+'J8'!V34+'J9'!V34+'J10'!V34+'J11'!V34+'J12'!V34+'J13'!V34+'J14'!V34+'J15'!V34+'J16'!V34+'J17'!V34+'J18'!V34+'J19'!V34+'J20'!V34+'J21'!V34+'J22'!V34 -> 9 | W34: ='J1'!X34+'J2'!X34+'J3'!X34+'J4'!X34+'J5'!X34+'J6'!X34+'J7'!X34+'J8'!X34+'J9'!X34+'J10'!X34+'J11'!X34+'J12'!X34+'J13'!X34+'J14'!X34+'J15'!X34+'J16'!X34+'J17'!X34+'J18'!X34+'J19'!X34+'J20'!X34+'J21'!X34+'J22'!X34 -> 5 | Z34: =O37+P40+Q43+R40+S46+T43+U41+T37+X43+X40+Z40+Y37 -> 82 | AK34: ='J1'!AL34+'J2'!AL34+'J3'!AL34+'J4'!AL34+'J5'!AL34+'J6'!AL34+'J7'!AL34+'J8'!AL34+'J9'!AL34+'J10'!AL34+'J11'!AL34+'J12'!AL34+'J13'!AL34+'J14'!AL34+'J15'!AL34+'J16'!AL34+'J17'!AL34+'J18'!AL34+'J19'!AL34+'J20'!AL34+'J21'!AL34+'J22'!AL34 -> 3 | AL34: ='J1'!AM34+'J2'!AM34+'J3'!AM34+'J4'!AM34+'J5'!AM34+'J6'!AM34+'J7'!AM34+'J8'!AM34+'J9'!AM34+'J10'!AM34+'J11'!AM34+'J12'!AM34+'J13'!AM34+'J14'!AM34+'J15'!AM34+'J16'!AM34+'J17'!AM34+'J18'!AM34+'J19'!AM34+'J20'!AM34+'J21'!AM34+'J22'!AM34 -> 4 | AN34: ='J1'!AO34+'J2'!AO34+'J3'!AO34+'J4'!AO34+'J5'!AO34+'J6'!AO34+'J7'!AO34+'J8'!AO34+'J9'!AO34+'J10'!AO34+'J11'!AO34+'J12'!AO34+'J13'!AO34+'J14'!AO34+'J15'!AO34+'J16'!AO34+'J17'!AO34+'J18'!AO34+'J19'!AO34+'J20'!AO34+'J21'!AO34+'J22'!AO34 -> 0 | AQ34: =AF37+AG40+AH43+AI40+AJ46+AK43+AL41+AK37+AO43+AO40+AQ40+AP37 -> 68
I35: LANZAMIENTOS | L35: =O37+T37+Y37+P40+R40+U41+X40+Z40+Q43+T43+X43+AP37+AF37+AK37+AG40+AI40+AO40+AQ40+AL41+AH43+AK43+AO43+AJ46+S46 -> 150 | T35: ='J1'!U35+'J2'!U35+'J3'!U35+'J4'!U35+'J5'!U35+'J6'!U35+'J7'!U35+'J8'!U35+'J9'!U35+'J10'!U35+'J11'!U35+'J12'!U35+'J13'!U35+'J14'!U35+'J15'!U35+'J16'!U35+'J17'!U35+'J18'!U35+'J19'!U35+'J20'!U35+'J21'!U35+'J22'!U35 -> 14 | U35: ='J1'!V35+'J2'!V35+'J3'!V35+'J4'!V35+'J5'!V35+'J6'!V35+'J7'!V35+'J8'!V35+'J9'!V35+'J10'!V35+'J11'!V35+'J12'!V35+'J13'!V35+'J14'!V35+'J15'!V35+'J16'!V35+'J17'!V35+'J18'!V35+'J19'!V35+'J20'!V35+'J21'!V35+'J22'!V35 -> 5 | W35: ='J1'!X35+'J2'!X35+'J3'!X35+'J4'!X35+'J5'!X35+'J6'!X35+'J7'!X35+'J8'!X35+'J9'!X35+'J10'!X35+'J11'!X35+'J12'!X35+'J13'!X35+'J14'!X35+'J15'!X35+'J16'!X35+'J17'!X35+'J18'!X35+'J19'!X35+'J20'!X35+'J21'!X35+'J22'!X35 -> 13 | AK35: ='J1'!AL35+'J2'!AL35+'J3'!AL35+'J4'!AL35+'J5'!AL35+'J6'!AL35+'J7'!AL35+'J8'!AL35+'J9'!AL35+'J10'!AL35+'J11'!AL35+'J12'!AL35+'J13'!AL35+'J14'!AL35+'J15'!AL35+'J16'!AL35+'J17'!AL35+'J18'!AL35+'J19'!AL35+'J20'!AL35+'J21'!AL35+'J22'!AL35 -> 7 | AL35: ='J1'!AM35+'J2'!AM35+'J3'!AM35+'J4'!AM35+'J5'!AM35+'J6'!AM35+'J7'!AM35+'J8'!AM35+'J9'!AM35+'J10'!AM35+'J11'!AM35+'J12'!AM35+'J13'!AM35+'J14'!AM35+'J15'!AM35+'J16'!AM35+'J17'!AM35+'J18'!AM35+'J19'!AM35+'J20'!AM35+'J21'!AM35+'J22'!AM35 -> 6 | AN35: ='J1'!AO35+'J2'!AO35+'J3'!AO35+'J4'!AO35+'J5'!AO35+'J6'!AO35+'J7'!AO35+'J8'!AO35+'J9'!AO35+'J10'!AO35+'J11'!AO35+'J12'!AO35+'J13'!AO35+'J14'!AO35+'J15'!AO35+'J16'!AO35+'J17'!AO35+'J18'!AO35+'J19'!AO35+'J20'!AO35+'J21'!AO35+'J22'!AO35 -> 5
I36: GOLES | L36: =T34+U34+W34+T35+U35+W35+T36+U36+W36 -> 81 | T36: ='J1'!U36+'J2'!U36+'J3'!U36+'J4'!U36+'J5'!U36+'J6'!U36+'J7'!U36+'J8'!U36+'J9'!U36+'J10'!U36+'J11'!U36+'J12'!U36+'J13'!U36+'J14'!U36+'J15'!U36+'J16'!U36+'J17'!U36+'J18'!U36+'J19'!U36+'J20'!U36+'J21'!U36+'J22'!U36 -> 10 | U36: ='J1'!V36+'J2'!V36+'J3'!V36+'J4'!V36+'J5'!V36+'J6'!V36+'J7'!V36+'J8'!V36+'J9'!V36+'J10'!V36+'J11'!V36+'J12'!V36+'J13'!V36+'J14'!V36+'J15'!V36+'J16'!V36+'J17'!V36+'J18'!V36+'J19'!V36+'J20'!V36+'J21'!V36+'J22'!V36 -> 11 | W36: ='J1'!X36+'J2'!X36+'J3'!X36+'J4'!X36+'J5'!X36+'J6'!X36+'J7'!X36+'J8'!X36+'J9'!X36+'J10'!X36+'J11'!X36+'J12'!X36+'J13'!X36+'J14'!X36+'J15'!X36+'J16'!X36+'J17'!X36+'J18'!X36+'J19'!X36+'J20'!X36+'J21'!X36+'J22'!X36 -> 10 | AK36: ='J1'!AL36+'J2'!AL36+'J3'!AL36+'J4'!AL36+'J5'!AL36+'J6'!AL36+'J7'!AL36+'J8'!AL36+'J9'!AL36+'J10'!AL36+'J11'!AL36+'J12'!AL36+'J13'!AL36+'J14'!AL36+'J15'!AL36+'J16'!AL36+'J17'!AL36+'J18'!AL36+'J19'!AL36+'J20'!AL36+'J21'!AL36+'J22'!AL36 -> 3 | AL36: ='J1'!AM36+'J2'!AM36+'J3'!AM36+'J4'!AM36+'J5'!AM36+'J6'!AM36+'J7'!AM36+'J8'!AM36+'J9'!AM36+'J10'!AM36+'J11'!AM36+'J12'!AM36+'J13'!AM36+'J14'!AM36+'J15'!AM36+'J16'!AM36+'J17'!AM36+'J18'!AM36+'J19'!AM36+'J20'!AM36+'J21'!AM36+'J22'!AM36 -> 6 | AN36: ='J1'!AO36+'J2'!AO36+'J3'!AO36+'J4'!AO36+'J5'!AO36+'J6'!AO36+'J7'!AO36+'J8'!AO36+'J9'!AO36+'J10'!AO36+'J11'!AO36+'J12'!AO36+'J13'!AO36+'J14'!AO36+'J15'!AO36+'J16'!AO36+'J17'!AO36+'J18'!AO36+'J19'!AO36+'J20'!AO36+'J21'!AO36+'J22'!AO36 -> 3
I37: PARADAS | L37: =AK34+AL34+AN34+AK35+AL35+AN35+AK36+AL36+AN36 -> 37 | O37: ='J1'!P37+'J2'!P37+'J3'!P37+'J4'!P37+'J5'!P37+'J6'!P37+'J7'!P37+'J8'!P37+'J9'!P37+'J10'!P37+'J11'!P37+'J12'!P37+'J13'!P37+'J14'!P37+'J15'!P37+'J16'!P37+'J17'!P37+'J18'!P37+'J19'!P37+'J20'!P37+'J21'!P37+'J22'!P37 -> 6 | Q37: =O37/L35 -> 0.04 | T37: ='J1'!U37+'J2'!U37+'J3'!U37+'J4'!U37+'J5'!U37+'J6'!U37+'J7'!U37+'J8'!U37+'J9'!U37+'J10'!U37+'J11'!U37+'J12'!U37+'J13'!U37+'J14'!U37+'J15'!U37+'J16'!U37+'J17'!U37+'J18'!U37+'J19'!U37+'J20'!U37+'J21'!U37+'J22'!U37 -> 31 | V37: =T37/$L$35 -> 0.20666667 | Y37: ='J1'!Z37+'J2'!Z37+'J3'!Z37+'J4'!Z37+'J5'!Z37+'J6'!Z37+'J7'!Z37+'J8'!Z37+'J9'!Z37+'J10'!Z37+'J11'!Z37+'J12'!Z37+'J13'!Z37+'J14'!Z37+'J15'!Z37+'J16'!Z37+'J17'!Z37+'J18'!Z37+'J19'!Z37+'J20'!Z37+'J21'!Z37+'J22'!Z37 -> 9 | AA37: =Y37/L35 -> 0.06 | AF37: ='J1'!AG37+'J2'!AG37+'J3'!AG37+'J4'!AG37+'J5'!AG37+'J6'!AG37+'J7'!AG37+'J8'!AG37+'J9'!AG37+'J10'!AG37+'J11'!AG37+'J12'!AG37+'J13'!AG37+'J14'!AG37+'J15'!AG37+'J16'!AG37+'J17'!AG37+'J18'!AG37+'J19'!AG37+'J20'!AG37+'J21'!AG37+'J22'!AG37 -> 9 | AH37: =AF37/L35 -> 0.06 | AK37: ='J1'!AL37+'J2'!AL37+'J3'!AL37+'J4'!AL37+'J5'!AL37+'J6'!AL37+'J7'!AL37+'J8'!AL37+'J9'!AL37+'J10'!AL37+'J11'!AL37+'J12'!AL37+'J13'!AL37+'J14'!AL37+'J15'!AL37+'J16'!AL37+'J17'!AL37+'J18'!AL37+'J19'!AL37+'J20'!AL37+'J21'!AL37+'J22'!AL37 -> 12 | AM37: =AK37/$L$35 -> 0.08 | AP37: ='J1'!AQ37+'J2'!AQ37+'J3'!AQ37+'J4'!AQ37+'J5'!AQ37+'J6'!AQ37+'J7'!AQ37+'J8'!AQ37+'J9'!AQ37+'J10'!AQ37+'J11'!AQ37+'J12'!AQ37+'J13'!AQ37+'J14'!AQ37+'J15'!AQ37+'J16'!AQ37+'J17'!AQ37+'J18'!AQ37+'J19'!AQ37+'J20'!AQ37+'J21'!AQ37+'J22'!AQ37 -> 7 | AR37: =AP37/L35 -> 0.046666667
I38: PORCENTAJE | L38: =L37/L35 -> 0.24666667
I39: 6 M | L39: =(R40+T43+X40+AI40+AK43+AO40)/L35 -> 0.37333333
I40: 9 M | L40: =(P40+Q43+S46+X43+Z40+AG40+AH43+AJ46+AO43+AQ40)/L35 -> 0.046666667 | P40: ='J1'!Q40+'J2'!Q40+'J3'!Q40+'J4'!Q40+'J5'!Q40+'J6'!Q40+'J7'!Q40+'J8'!Q40+'J9'!Q40+'J10'!Q40+'J11'!Q40+'J12'!Q40+'J13'!Q40+'J14'!Q40+'J15'!Q40+'J16'!Q40+'J17'!Q40+'J18'!Q40+'J19'!Q40+'J20'!Q40+'J21'!Q40+'J22'!Q40 -> 0 | Q40: =P40/L35 -> 0 | R40: ='J1'!S40+'J2'!S40+'J3'!S40+'J4'!S40+'J5'!S40+'J6'!S40+'J7'!S40+'J8'!S40+'J9'!S40+'J10'!S40+'J11'!S40+'J12'!S40+'J13'!S40+'J14'!S40+'J15'!S40+'J16'!S40+'J17'!S40+'J18'!S40+'J19'!S40+'J20'!S40+'J21'!S40+'J22'!S40 -> 7 | S40: =R40/L35 -> 0.046666667 | U40: 7m | X40: ='J1'!Y40+'J2'!Y40+'J3'!Y40+'J4'!Y40+'J5'!Y40+'J6'!Y40+'J7'!Y40+'J8'!Y40+'J9'!Y40+'J10'!Y40+'J11'!Y40+'J12'!Y40+'J13'!Y40+'J14'!Y40+'J15'!Y40+'J16'!Y40+'J17'!Y40+'J18'!Y40+'J19'!Y40+'J20'!Y40+'J21'!Y40+'J22'!Y40 -> 7 | Y40: =X40/L35 -> 0.046666667 | Z40: ='J1'!AA40+'J2'!AA40+'J3'!AA40+'J4'!AA40+'J5'!AA40+'J6'!AA40+'J7'!AA40+'J8'!AA40+'J9'!AA40+'J10'!AA40+'J11'!AA40+'J12'!AA40+'J13'!AA40+'J14'!AA40+'J15'!AA40+'J16'!AA40+'J17'!AA40+'J18'!AA40+'J19'!AA40+'J20'!AA40+'J21'!AA40+'J22'!AA40 -> 0 | AA40: =Z40/L35 -> 0 | AG40: ='J1'!AH40+'J2'!AH40+'J3'!AH40+'J4'!AH40+'J5'!AH40+'J6'!AH40+'J7'!AH40+'J8'!AH40+'J9'!AH40+'J10'!AH40+'J11'!AH40+'J12'!AH40+'J13'!AH40+'J14'!AH40+'J15'!AH40+'J16'!AH40+'J17'!AH40+'J18'!AH40+'J19'!AH40+'J20'!AH40+'J21'!AH40+'J22'!AH40 -> 0 | AH40: =AG40/L35 -> 0 | AI40: ='J1'!AJ40+'J2'!AJ40+'J3'!AJ40+'J4'!AJ40+'J5'!AJ40+'J6'!AJ40+'J7'!AJ40+'J8'!AJ40+'J9'!AJ40+'J10'!AJ40+'J11'!AJ40+'J12'!AJ40+'J13'!AJ40+'J14'!AJ40+'J15'!AJ40+'J16'!AJ40+'J17'!AJ40+'J18'!AJ40+'J19'!AJ40+'J20'!AJ40+'J21'!AJ40+'J22'!AJ40 -> 7 | AJ40: =AI40/L35 -> 0.046666667 | AL40: 7m | AO40: ='J1'!AP40+'J2'!AP40+'J3'!AP40+'J4'!AP40+'J5'!AP40+'J6'!AP40+'J7'!AP40+'J8'!AP40+'J9'!AP40+'J10'!AP40+'J11'!AP40+'J12'!AP40+'J13'!AP40+'J14'!AP40+'J15'!AP40+'J16'!AP40+'J17'!AP40+'J18'!AP40+'J19'!AP40+'J20'!AP40+'J21'!AP40+'J22'!AP40 -> 7 | AP40: =AO40/L35 -> 0.046666667 | AQ40: ='J1'!AR40+'J2'!AR40+'J3'!AR40+'J4'!AR40+'J5'!AR40+'J6'!AR40+'J7'!AR40+'J8'!AR40+'J9'!AR40+'J10'!AR40+'J11'!AR40+'J12'!AR40+'J13'!AR40+'J14'!AR40+'J15'!AR40+'J16'!AR40+'J17'!AR40+'J18'!AR40+'J19'!AR40+'J20'!AR40+'J21'!AR40+'J22'!AR40 -> 0 | AR40: =AQ40/L35 -> 0
I41: PENETRACION | L41: =(T37+AK37)/L35 -> 0.28666667 | U41: ='J1'!V41+'J2'!V41+'J3'!V41+'J4'!V41+'J5'!V41+'J6'!V41+'J7'!V41+'J8'!V41+'J9'!V41+'J10'!V41+'J11'!V41+'J12'!V41+'J13'!V41+'J14'!V41+'J15'!V41+'J16'!V41+'J17'!V41+'J18'!V41+'J19'!V41+'J20'!V41+'J21'!V41+'J22'!V41 -> 8 | AL41: ='J1'!AM41+'J2'!AM41+'J3'!AM41+'J4'!AM41+'J5'!AM41+'J6'!AM41+'J7'!AM41+'J8'!AM41+'J9'!AM41+'J10'!AM41+'J11'!AM41+'J12'!AM41+'J13'!AM41+'J14'!AM41+'J15'!AM41+'J16'!AM41+'J17'!AM41+'J18'!AM41+'J19'!AM41+'J20'!AM41+'J21'!AM41+'J22'!AM41 -> 5
I42: EXTREMOS | L42: =(O37+Y37+AF37+AP37)/L35 -> 0.20666667 | U42: =U41/L35 -> 0.053333333 | AL42: =AL41/L35 -> 0.033333333
I43: PENALTIS | L43: =(U41+AL41)/L35 -> 0.086666667 | Q43: ='J1'!R43+'J2'!R43+'J3'!R43+'J4'!R43+'J5'!R43+'J6'!R43+'J7'!R43+'J8'!R43+'J9'!R43+'J10'!R43+'J11'!R43+'J12'!R43+'J13'!R43+'J14'!R43+'J15'!R43+'J16'!R43+'J17'!R43+'J18'!R43+'J19'!R43+'J20'!R43+'J21'!R43+'J22'!R43 -> 0 | R43: =Q43/L35 -> 0 | T43: ='J1'!U43+'J2'!U43+'J3'!U43+'J4'!U43+'J5'!U43+'J6'!U43+'J7'!U43+'J8'!U43+'J9'!U43+'J10'!U43+'J11'!U43+'J12'!U43+'J13'!U43+'J14'!U43+'J15'!U43+'J16'!U43+'J17'!U43+'J18'!U43+'J19'!U43+'J20'!U43+'J21'!U43+'J22'!U43 -> 13 | V43: =T43/L35 -> 0.086666667 | X43: ='J1'!Y43+'J2'!Y43+'J3'!Y43+'J4'!Y43+'J5'!Y43+'J6'!Y43+'J7'!Y43+'J8'!Y43+'J9'!Y43+'J10'!Y43+'J11'!Y43+'J12'!Y43+'J13'!Y43+'J14'!Y43+'J15'!Y43+'J16'!Y43+'J17'!Y43+'J18'!Y43+'J19'!Y43+'J20'!Y43+'J21'!Y43+'J22'!Y43 -> 0 | Z43: =X43/L35 -> 0 | AH43: ='J1'!AI43+'J2'!AI43+'J3'!AI43+'J4'!AI43+'J5'!AI43+'J6'!AI43+'J7'!AI43+'J8'!AI43+'J9'!AI43+'J10'!AI43+'J11'!AI43+'J12'!AI43+'J13'!AI43+'J14'!AI43+'J15'!AI43+'J16'!AI43+'J17'!AI43+'J18'!AI43+'J19'!AI43+'J20'!AI43+'J21'!AI43+'J22'!AI43 -> 1 | AI43: =AH43/L35 -> 0.0066666667 | AK43: ='J1'!AL43+'J2'!AL43+'J3'!AL43+'J4'!AL43+'J5'!AL43+'J6'!AL43+'J7'!AL43+'J8'!AL43+'J9'!AL43+'J10'!AL43+'J11'!AL43+'J12'!AL43+'J13'!AL43+'J14'!AL43+'J15'!AL43+'J16'!AL43+'J17'!AL43+'J18'!AL43+'J19'!AL43+'J20'!AL43+'J21'!AL43+'J22'!AL43 -> 15 | AM43: =AK43/L35 -> 0.1 | AO43: ='J1'!AP43+'J2'!AP43+'J3'!AP43+'J4'!AP43+'J5'!AP43+'J6'!AP43+'J7'!AP43+'J8'!AP43+'J9'!AP43+'J10'!AP43+'J11'!AP43+'J12'!AP43+'J13'!AP43+'J14'!AP43+'J15'!AP43+'J16'!AP43+'J17'!AP43+'J18'!AP43+'J19'!AP43+'J20'!AP43+'J21'!AP43+'J22'!AP43 -> 1 | AQ43: =AO43/L35 -> 0.0066666667
M44: =SUM(L39:M43) -> 1
S46: ='J1'!T46+'J2'!T46+'J3'!T46+'J4'!T46+'J5'!T46+'J6'!T46+'J7'!T46+'J8'!T46+'J9'!T46+'J10'!T46+'J11'!T46+'J12'!T46+'J13'!T46+'J14'!T46+'J15'!T46+'J16'!T46+'J17'!T46+'J18'!T46+'J19'!T46+'J20'!T46+'J21'!T46+'J22'!T46 -> 1 | V46: =S46/L35 -> 0.0066666667 | AJ46: ='J1'!AK46+'J2'!AK46+'J3'!AK46+'J4'!AK46+'J5'!AK46+'J6'!AK46+'J7'!AK46+'J8'!AK46+'J9'!AK46+'J10'!AK46+'J11'!AK46+'J12'!AK46+'J13'!AK46+'J14'!AK46+'J15'!AK46+'J16'!AK46+'J17'!AK46+'J18'!AK46+'J19'!AK46+'J20'!AK46+'J21'!AK46+'J22'!AK46 -> 4 | AM46: =AJ46/L35 -> 0.026666667
I52: NICO | R52: GOLES | AI52: PARADAS
I53: V.C.
S54: D | X54: I | Z54: =T55+U55+W55+T56+U56+W56+T57+U57+W57 -> 59 | AJ54: D | AO54: I | AQ54: =AK55+AL55+AN55+AK56+AL56+AN56+AK57+AL57+AN57 -> 30
I55: TOTAL ACUMULADO | T55: ='J1'!U56+'J2'!U56+'J3'!U56+'J4'!U56+'J5'!U56+'J6'!U56+'J7'!U56+'J8'!U56+'J9'!U56+'J10'!U56+'J11'!U56+'J12'!U56+'J13'!U56+'J14'!U56+'J15'!U56+'J16'!U56+'J17'!U56+'J18'!U56+'J19'!U56+'J20'!U56+'J21'!U56+'J22'!U56 -> 8 | U55: ='J1'!V56+'J2'!V56+'J3'!V56+'J4'!V56+'J5'!V56+'J6'!V56+'J7'!V56+'J8'!V56+'J9'!V56+'J10'!V56+'J11'!V56+'J12'!V56+'J13'!V56+'J14'!V56+'J15'!V56+'J16'!V56+'J17'!V56+'J18'!V56+'J19'!V56+'J20'!V56+'J21'!V56+'J22'!V56 -> 4 | W55: ='J1'!X56+'J2'!X56+'J3'!X56+'J4'!X56+'J5'!X56+'J6'!X56+'J7'!X56+'J8'!X56+'J9'!X56+'J10'!X56+'J11'!X56+'J12'!X56+'J13'!X56+'J14'!X56+'J15'!X56+'J16'!X56+'J17'!X56+'J18'!X56+'J19'!X56+'J20'!X56+'J21'!X56+'J22'!X56 -> 6 | Z55: =O58+P61+Q64+R61+S67+T64+U62+T58+X64+X61+Z61+Y58 -> 59 | AK55: ='J1'!AL56+'J2'!AL56+'J3'!AL56+'J4'!AL56+'J5'!AL56+'J6'!AL56+'J7'!AL56+'J8'!AL56+'J9'!AL56+'J10'!AL56+'J11'!AL56+'J12'!AL56+'J13'!AL56+'J14'!AL56+'J15'!AL56+'J16'!AL56+'J17'!AL56+'J18'!AL56+'J19'!AL56+'J20'!AL56+'J21'!AL56+'J22'!AL56 -> 2 | AL55: ='J1'!AM56+'J2'!AM56+'J3'!AM56+'J4'!AM56+'J5'!AM56+'J6'!AM56+'J7'!AM56+'J8'!AM56+'J9'!AM56+'J10'!AM56+'J11'!AM56+'J12'!AM56+'J13'!AM56+'J14'!AM56+'J15'!AM56+'J16'!AM56+'J17'!AM56+'J18'!AM56+'J19'!AM56+'J20'!AM56+'J21'!AM56+'J22'!AM56 -> 3 | AN55: ='J1'!AO56+'J2'!AO56+'J3'!AO56+'J4'!AO56+'J5'!AO56+'J6'!AO56+'J7'!AO56+'J8'!AO56+'J9'!AO56+'J10'!AO56+'J11'!AO56+'J12'!AO56+'J13'!AO56+'J14'!AO56+'J15'!AO56+'J16'!AO56+'J17'!AO56+'J18'!AO56+'J19'!AO56+'J20'!AO56+'J21'!AO56+'J22'!AO56 -> 4 | AQ55: =AF58+AG61+AH64+AI61+AJ67+AK64+AL62+AK58+AO64+AO61+AQ61+AP58 -> 41
I56: LANZAMIENTOS | L56: =O58+T58+Y58+P61+R61+U62+X61+Z61+Q64+T64+X64+AP58+AF58+AK58+AG61+AI61+AO61+AQ61+AL62+AH64+AK64+AO64+AJ67+S67 -> 100 | T56: ='J1'!U57+'J2'!U57+'J3'!U57+'J4'!U57+'J5'!U57+'J6'!U57+'J7'!U57+'J8'!U57+'J9'!U57+'J10'!U57+'J11'!U57+'J12'!U57+'J13'!U57+'J14'!U57+'J15'!U57+'J16'!U57+'J17'!U57+'J18'!U57+'J19'!U57+'J20'!U57+'J21'!U57+'J22'!U57 -> 6 | U56: ='J1'!V57+'J2'!V57+'J3'!V57+'J4'!V57+'J5'!V57+'J6'!V57+'J7'!V57+'J8'!V57+'J9'!V57+'J10'!V57+'J11'!V57+'J12'!V57+'J13'!V57+'J14'!V57+'J15'!V57+'J16'!V57+'J17'!V57+'J18'!V57+'J19'!V57+'J20'!V57+'J21'!V57+'J22'!V57 -> 2 | W56: ='J1'!X57+'J2'!X57+'J3'!X57+'J4'!X57+'J5'!X57+'J6'!X57+'J7'!X57+'J8'!X57+'J9'!X57+'J10'!X57+'J11'!X57+'J12'!X57+'J13'!X57+'J14'!X57+'J15'!X57+'J16'!X57+'J17'!X57+'J18'!X57+'J19'!X57+'J20'!X57+'J21'!X57+'J22'!X57 -> 9 | AK56: ='J1'!AL57+'J2'!AL57+'J3'!AL57+'J4'!AL57+'J5'!AL57+'J6'!AL57+'J7'!AL57+'J8'!AL57+'J9'!AL57+'J10'!AL57+'J11'!AL57+'J12'!AL57+'J13'!AL57+'J14'!AL57+'J15'!AL57+'J16'!AL57+'J17'!AL57+'J18'!AL57+'J19'!AL57+'J20'!AL57+'J21'!AL57+'J22'!AL57 -> 3 | AL56: ='J1'!AM57+'J2'!AM57+'J3'!AM57+'J4'!AM57+'J5'!AM57+'J6'!AM57+'J7'!AM57+'J8'!AM57+'J9'!AM57+'J10'!AM57+'J11'!AM57+'J12'!AM57+'J13'!AM57+'J14'!AM57+'J15'!AM57+'J16'!AM57+'J17'!AM57+'J18'!AM57+'J19'!AM57+'J20'!AM57+'J21'!AM57+'J22'!AM57 -> 4 | AN56: ='J1'!AO57+'J2'!AO57+'J3'!AO57+'J4'!AO57+'J5'!AO57+'J6'!AO57+'J7'!AO57+'J8'!AO57+'J9'!AO57+'J10'!AO57+'J11'!AO57+'J12'!AO57+'J13'!AO57+'J14'!AO57+'J15'!AO57+'J16'!AO57+'J17'!AO57+'J18'!AO57+'J19'!AO57+'J20'!AO57+'J21'!AO57+'J22'!AO57 -> 4
I57: GOLES | L57: =T55+U55+W55+T56+U56+W56+T57+U57+W57 -> 59 | T57: ='J1'!U58+'J2'!U58+'J3'!U58+'J4'!U58+'J5'!U58+'J6'!U58+'J7'!U58+'J8'!U58+'J9'!U58+'J10'!U58+'J11'!U58+'J12'!U58+'J13'!U58+'J14'!U58+'J15'!U58+'J16'!U58+'J17'!U58+'J18'!U58+'J19'!U58+'J20'!U58+'J21'!U58+'J22'!U58 -> 13 | U57: ='J1'!V58+'J2'!V58+'J3'!V58+'J4'!V58+'J5'!V58+'J6'!V58+'J7'!V58+'J8'!V58+'J9'!V58+'J10'!V58+'J11'!V58+'J12'!V58+'J13'!V58+'J14'!V58+'J15'!V58+'J16'!V58+'J17'!V58+'J18'!V58+'J19'!V58+'J20'!V58+'J21'!V58+'J22'!V58 -> 7 | W57: ='J1'!X58+'J2'!X58+'J3'!X58+'J4'!X58+'J5'!X58+'J6'!X58+'J7'!X58+'J8'!X58+'J9'!X58+'J10'!X58+'J11'!X58+'J12'!X58+'J13'!X58+'J14'!X58+'J15'!X58+'J16'!X58+'J17'!X58+'J18'!X58+'J19'!X58+'J20'!X58+'J21'!X58+'J22'!X58 -> 4 | AK57: ='J1'!AL58+'J2'!AL58+'J3'!AL58+'J4'!AL58+'J5'!AL58+'J6'!AL58+'J7'!AL58+'J8'!AL58+'J9'!AL58+'J10'!AL58+'J11'!AL58+'J12'!AL58+'J13'!AL58+'J14'!AL58+'J15'!AL58+'J16'!AL58+'J17'!AL58+'J18'!AL58+'J19'!AL58+'J20'!AL58+'J21'!AL58+'J22'!AL58 -> 5 | AL57: ='J1'!AM58+'J2'!AM58+'J3'!AM58+'J4'!AM58+'J5'!AM58+'J6'!AM58+'J7'!AM58+'J8'!AM58+'J9'!AM58+'J10'!AM58+'J11'!AM58+'J12'!AM58+'J13'!AM58+'J14'!AM58+'J15'!AM58+'J16'!AM58+'J17'!AM58+'J18'!AM58+'J19'!AM58+'J20'!AM58+'J21'!AM58+'J22'!AM58 -> 3 | AN57: ='J1'!AO58+'J2'!AO58+'J3'!AO58+'J4'!AO58+'J5'!AO58+'J6'!AO58+'J7'!AO58+'J8'!AO58+'J9'!AO58+'J10'!AO58+'J11'!AO58+'J12'!AO58+'J13'!AO58+'J14'!AO58+'J15'!AO58+'J16'!AO58+'J17'!AO58+'J18'!AO58+'J19'!AO58+'J20'!AO58+'J21'!AO58+'J22'!AO58 -> 2
I58: PARADAS | L58: =AK55+AL55+AN55+AK56+AL56+AN56+AK57+AL57+AN57 -> 30 | O58: ='J1'!P59+'J2'!P59+'J3'!P59+'J4'!P59+'J5'!Q62+'J6'!P59+'J7'!P59+'J8'!P59+'J9'!P59+'J10'!P59+'J11'!P59+'J12'!P59+'J13'!P59+'J14'!P59+'J15'!P59+'J16'!P59+'J17'!P59+'J18'!P59+'J19'!P59+'J20'!P59+'J21'!P59+'J22'!P59 -> 3 | Q58: =O58/L56 -> 0.03 | T58: ='J1'!U59+'J2'!U59+'J3'!U59+'J4'!U59+'J5'!V62+'J6'!U59+'J7'!U59+'J8'!U59+'J9'!U59+'J10'!U59+'J11'!U59+'J12'!U59+'J13'!U59+'J14'!U59+'J15'!U59+'J16'!U59+'J17'!U59+'J18'!U59+'J19'!U59+'J20'!U59+'J21'!U59+'J22'!U59 -> 15 | V58: =T58/$L$35 -> 0.1 | Y58: ='J1'!Z59+'J2'!Z59+'J3'!Z59+'J4'!Z59+'J5'!AA62+'J6'!Z59+'J7'!Z59+'J8'!Z59+'J9'!Z59+'J10'!Z59+'J11'!Z59+'J12'!Z59+'J13'!Z59+'J14'!Z59+'J15'!Z59+'J16'!Z59+'J17'!Z59+'J18'!Z59+'J19'!Z59+'J20'!Z59+'J21'!Z59+'J22'!Z59 -> 9 | AA58: =Y58/L56 -> 0.09 | AF58: ='J1'!AG59+'J2'!AG59+'J3'!AG59+'J4'!AG59+'J5'!AH62+'J6'!AG59+'J7'!AG59+'J8'!AG59+'J9'!AG59+'J10'!AG59+'J11'!AG59+'J12'!AG59+'J13'!AG59+'J14'!AG59+'J15'!AG59+'J16'!AG59+'J17'!AG59+'J18'!AG59+'J19'!AG59+'J20'!AG59+'J21'!AG59+'J22'!AG59 -> 1 | AH58: =AF58/L56 -> 0.01 | AK58: ='J1'!AL59+'J2'!AL59+'J3'!AL59+'J4'!AL59+'J5'!AM62+'J6'!AL59+'J7'!AL59+'J8'!AL59+'J9'!AL59+'J10'!AL59+'J11'!AL59+'J12'!AL59+'J13'!AL59+'J14'!AL59+'J15'!AL59+'J16'!AL59+'J17'!AL59+'J18'!AL59+'J19'!AL59+'J20'!AL59+'J21'!AL59+'J22'!AL59 -> 5 | AM58: =AK58/$L$35 -> 0.033333333 | AP58: ='J1'!AQ59+'J2'!AQ59+'J3'!AQ59+'J4'!AQ59+'J5'!AR62+'J6'!AQ59+'J7'!AQ59+'J8'!AQ59+'J9'!AQ59+'J10'!AQ59+'J11'!AQ59+'J12'!AQ59+'J13'!AQ59+'J14'!AQ59+'J15'!AQ59+'J16'!AQ59+'J17'!AQ59+'J18'!AQ59+'J19'!AQ59+'J20'!AQ59+'J21'!AQ59+'J22'!AQ59 -> 7 | AR58: =AP58/L56 -> 0.07
I59: PORCENTAJE | L59: =L58/L56 -> 0.3
I60: 6 M | L60: =(R61+T64+X61+AI61+AK64+AO61)/L56 -> 0.34
I61: 9 M | L61: =(P61+Q64+S67+X64+Z61+AG61+AH64+AJ67+AO64+AQ61)/L56 -> 0.16 | P61: ='J1'!Q62+'J2'!Q62+'J3'!Q62+'J4'!Q62+'J5'!R65+'J6'!Q62+'J7'!Q62+'J8'!Q62+'J9'!Q62+'J10'!Q62+'J11'!Q62+'J12'!Q62+'J13'!Q62+'J14'!Q62+'J15'!Q62+'J16'!Q62+'J17'!Q62+'J18'!Q62+'J19'!Q62+'J20'!Q62+'J21'!Q62+'J22'!Q62 -> 0 | Q61: =P61/L56 -> 0 | R61: ='J1'!S62+'J2'!S62+'J3'!S62+'J4'!S62+'J5'!T65+'J6'!S62+'J7'!S62+'J8'!S62+'J9'!S62+'J10'!S62+'J11'!S62+'J12'!S62+'J13'!S62+'J14'!S62+'J15'!S62+'J16'!S62+'J17'!S62+'J18'!S62+'J19'!S62+'J20'!S62+'J21'!S62+'J22'!S62 -> 4 | S61: =R61/L56 -> 0.04 | U61: 7m | X61: ='J1'!Y62+'J2'!Y62+'J3'!Y62+'J4'!Y62+'J5'!Z65+'J6'!Y62+'J7'!Y62+'J8'!Y62+'J9'!Y62+'J10'!Y62+'J11'!Y62+'J12'!Y62+'J13'!Y62+'J14'!Y62+'J15'!Y62+'J16'!Y62+'J17'!Y62+'J18'!Y62+'J19'!Y62+'J20'!Y62+'J21'!Y62+'J22'!Y62 -> 3 | Y61: =X61/L56 -> 0.03 | Z61: ='J1'!AA62+'J2'!AA62+'J3'!AA62+'J4'!AA62+'J5'!AB65+'J6'!AA62+'J7'!AA62+'J8'!AA62+'J9'!AA62+'J10'!AA62+'J11'!AA62+'J12'!AA62+'J13'!AA62+'J14'!AA62+'J15'!AA62+'J16'!AA62+'J17'!AA62+'J18'!AA62+'J19'!AA62+'J20'!AA62+'J21'!AA62+'J22'!AA62 -> 0 | AA61: =Z61/L56 -> 0 | AG61: ='J1'!AH62+'J2'!AH62+'J3'!AH62+'J4'!AH62+'J5'!AI65+'J6'!AH62+'J7'!AH62+'J8'!AH62+'J9'!AH62+'J10'!AH62+'J11'!AH62+'J12'!AH62+'J13'!AH62+'J14'!AH62+'J15'!AH62+'J16'!AH62+'J17'!AH62+'J18'!AH62+'J19'!AH62+'J20'!AH62+'J21'!AH62+'J22'!AH62 -> 1 | AH61: =AG61/L56 -> 0.01 | AI61: ='J1'!AJ62+'J2'!AJ62+'J3'!AJ62+'J4'!AJ62+'J5'!AK65+'J6'!AJ62+'J7'!AJ62+'J8'!AJ62+'J9'!AJ62+'J10'!AJ62+'J11'!AJ62+'J12'!AJ62+'J13'!AJ62+'J14'!AJ62+'J15'!AJ62+'J16'!AJ62+'J17'!AJ62+'J18'!AJ62+'J19'!AJ62+'J20'!AJ62+'J21'!AJ62+'J22'!AJ62 -> 4 | AJ61: =AI61/L56 -> 0.04 | AL61: 7m | AO61: ='J1'!AP62+'J2'!AP62+'J3'!AP62+'J4'!AP62+'J5'!AQ65+'J6'!AP62+'J7'!AP62+'J8'!AP62+'J9'!AP62+'J10'!AP62+'J11'!AP62+'J12'!AP62+'J13'!AP62+'J14'!AP62+'J15'!AP62+'J16'!AP62+'J17'!AP62+'J18'!AP62+'J19'!AP62+'J20'!AP62+'J21'!AP62+'J22'!AP62 -> 2 | AP61: =AO61/L56 -> 0.02 | AQ61: ='J1'!AR62+'J2'!AR62+'J3'!AR62+'J4'!AR62+'J5'!AS65+'J6'!AR62+'J7'!AR62+'J8'!AR62+'J9'!AR62+'J10'!AR62+'J11'!AR62+'J12'!AR62+'J13'!AR62+'J14'!AR62+'J15'!AR62+'J16'!AR62+'J17'!AR62+'J18'!AR62+'J19'!AR62+'J20'!AR62+'J21'!AR62+'J22'!AR62 -> 0 | AR61: =AQ61/L56 -> 0
I62: PENETRACION | L62: =(T58+AK58)/L56 -> 0.2 | U62: ='J1'!V63+'J2'!V63+'J3'!V63+'J4'!V63+'J5'!V63+'J6'!V63+'J7'!V63+'J8'!V63+'J9'!V63+'J10'!V63+'J11'!V63+'J12'!V63+'J13'!V63+'J14'!V63+'J15'!V63+'J16'!V63+'J17'!V63+'J18'!V63+'J19'!V63+'J20'!V63+'J21'!V63+'J22'!V63 -> 8 | AL62: ='J1'!AM63+'J2'!AM63+'J3'!AM63+'J4'!AM63+'J5'!AM63+'J6'!AM63+'J7'!AM63+'J8'!AM63+'J9'!AM63+'J10'!AM63+'J11'!AM63+'J12'!AM63+'J13'!AM63+'J14'!AM63+'J15'!AM63+'J16'!AM63+'J17'!AM63+'J18'!AM63+'J19'!AM63+'J20'!AM63+'J21'!AM63+'J22'!AM63 -> 2
I63: EXTREMOS | L63: =(O58+Y58+AF58+AP58)/L56 -> 0.2 | U63: =U62/L56 -> 0.08 | AL63: =AL62/L56 -> 0.02
I64: PENALTIS | L64: =(U62+AL62)/L56 -> 0.1 | Q64: ='J1'!R65+'J2'!R65+'J3'!R65+'J4'!R65+'J5'!S68+'J6'!R65+'J7'!R65+'J8'!R65+'J9'!R65+'J10'!R65+'J11'!R65+'J12'!R65+'J13'!R65+'J14'!R65+'J15'!R65+'J16'!R65+'J17'!R65+'J18'!R65+'J19'!R65+'J20'!R65+'J21'!R65+'J22'!R65 -> 0 | R64: =Q64/L56 -> 0 | T64: ='J1'!U65+'J2'!U65+'J3'!U65+'J4'!U65+'J5'!V68+'J6'!U65+'J7'!U65+'J8'!U65+'J9'!U65+'J10'!U65+'J11'!U65+'J12'!U65+'J13'!U65+'J14'!U65+'J15'!U65+'J16'!U65+'J17'!U65+'J18'!U65+'J19'!U65+'J20'!U65+'J21'!U65+'J22'!U65 -> 11 | V64: =T64/L56 -> 0.11 | X64: ='J1'!Y65+'J2'!Y65+'J3'!Y65+'J4'!Y65+'J5'!Z68+'J6'!Y65+'J7'!Y65+'J8'!Y65+'J9'!Y65+'J10'!Y65+'J11'!Y65+'J12'!Y65+'J13'!Y65+'J14'!Y65+'J15'!Y65+'J16'!Y65+'J17'!Y65+'J18'!Y65+'J19'!Y65+'J20'!Y65+'J21'!Y65+'J22'!Y65 -> 0 | Z64: =X64/L56 -> 0 | AH64: ='J1'!AI65+'J2'!AI65+'J3'!AI65+'J4'!AI65+'J5'!AJ68+'J6'!AI65+'J7'!AI65+'J8'!AI65+'J9'!AI65+'J10'!AI65+'J11'!AI65+'J12'!AI65+'J13'!AI65+'J14'!AI65+'J15'!AI65+'J16'!AI65+'J17'!AI65+'J18'!AI65+'J19'!AI65+'J20'!AI65+'J21'!AI65+'J22'!AI65 -> 1 | AI64: =AH64/L56 -> 0.01 | AK64: ='J1'!AL65+'J2'!AL65+'J3'!AL65+'J4'!AL65+'J5'!AM68+'J6'!AL65+'J7'!AL65+'J8'!AL65+'J9'!AL65+'J10'!AL65+'J11'!AL65+'J12'!AL65+'J13'!AL65+'J14'!AL65+'J15'!AL65+'J16'!AL65+'J17'!AL65+'J18'!AL65+'J19'!AL65+'J20'!AL65+'J21'!AL65+'J22'!AL65 -> 10 | AM64: =AK64/L56 -> 0.1 | AO64: ='J1'!AP65+'J2'!AP65+'J3'!AP65+'J4'!AP65+'J5'!AQ68+'J6'!AP65+'J7'!AP65+'J8'!AP65+'J9'!AP65+'J10'!AP65+'J11'!AP65+'J12'!AP65+'J13'!AP65+'J14'!AP65+'J15'!AP65+'J16'!AP65+'J17'!AP65+'J18'!AP65+'J19'!AP65+'J20'!AP65+'J21'!AP65+'J22'!AP65 -> 1 | AQ64: =AO64/L56 -> 0.01
M66: =SUM(L60:M64) -> 1
S67: ='J1'!T68+'J2'!T68+'J3'!T68+'J4'!T68+'J5'!U71+'J6'!T68+'J7'!T68+'J8'!T68+'J9'!T68+'J10'!T68+'J11'!T68+'J12'!T68+'J13'!T68+'J14'!T68+'J15'!T68+'J16'!T68+'J17'!T68+'J18'!T68+'J19'!T68+'J20'!T68+'J21'!T68+'J22'!T68 -> 6 | V67: =S67/L56 -> 0.06 | AJ67: ='J1'!AK68+'J2'!AK68+'J3'!AK68+'J4'!AK68+'J5'!AL71+'J6'!AK68+'J7'!AK68+'J8'!AK68+'J9'!AK68+'J10'!AK68+'J11'!AK68+'J12'!AK68+'J13'!AK68+'J14'!AK68+'J15'!AK68+'J16'!AK68+'J17'!AK68+'J18'!AK68+'J19'!AK68+'J20'!AK68+'J21'!AK68+'J22'!AK68 -> 7 | AM67: =AJ67/L56 -> 0.07
I72: JUAN | R72: GOLES | AI72: PARADAS
I73: V.C.
S74: D | X74: I | Z74: =T75+U75+W75+T76+U76+W76+T77+U77+W77 -> 95 | AJ74: D | AO74: I | AQ74: =AK75+AL75+AN75+AK76+AL76+AN76+AK77+AL77+AN77 -> 53
I75: TOTAL ACUMULADO | T75: ='J1'!U76+'J2'!U76+'J3'!U76+'J4'!U76+'J5'!U76+'J6'!U76+'J7'!U76+'J8'!U76+'J9'!U76+'J10'!U76+'J11'!U76+'J12'!U76+'J13'!U76+'J14'!U76+'J15'!U76+'J16'!U76+'J17'!U76+'J18'!U76+'J19'!U76+'J20'!U76+'J21'!U76+'J22'!U76 -> 4 | U75: ='J1'!V76+'J2'!V76+'J3'!V76+'J4'!V76+'J5'!V76+'J6'!V76+'J7'!V76+'J8'!V76+'J9'!V76+'J10'!V76+'J11'!V76+'J12'!V76+'J13'!V76+'J14'!V76+'J15'!V76+'J16'!V76+'J17'!V76+'J18'!V76+'J19'!V76+'J20'!V76+'J21'!V76+'J22'!V76 -> 6 | W75: ='J1'!X76+'J2'!X76+'J3'!X76+'J4'!X76+'J5'!X76+'J6'!X76+'J7'!X76+'J8'!X76+'J9'!X76+'J10'!X76+'J11'!X76+'J12'!X76+'J13'!X76+'J14'!X76+'J15'!X76+'J16'!X76+'J17'!X76+'J18'!X76+'J19'!X76+'J20'!X76+'J21'!X76+'J22'!X76 -> 12 | Z75: =O78+P81+Q84+R81+S87+T84+U82+T78+X84+X81+Z81+Y78 -> 88 | AK75: ='J1'!AL76+'J2'!AL76+'J3'!AL76+'J4'!AL76+'J5'!AL76+'J6'!AL76+'J7'!AL76+'J8'!AL76+'J9'!AL76+'J10'!AL76+'J11'!AL76+'J12'!AL76+'J13'!AL76+'J14'!AL76+'J15'!AL76+'J16'!AL76+'J17'!AL76+'J18'!AL76+'J19'!AL76+'J20'!AL76+'J21'!AL76+'J22'!AL76 -> 3 | AL75: ='J1'!AM76+'J2'!AM76+'J3'!AM76+'J4'!AM76+'J5'!AM76+'J6'!AM76+'J7'!AM76+'J8'!AM76+'J9'!AM76+'J10'!AM76+'J11'!AM76+'J12'!AM76+'J13'!AM76+'J14'!AM76+'J15'!AM76+'J16'!AM76+'J17'!AM76+'J18'!AM76+'J19'!AM76+'J20'!AM76+'J21'!AM76+'J22'!AM76 -> 6 | AN75: ='J1'!AO76+'J2'!AO76+'J3'!AO76+'J4'!AO76+'J5'!AO76+'J6'!AO76+'J7'!AO76+'J8'!AO76+'J9'!AO76+'J10'!AO76+'J11'!AO76+'J12'!AO76+'J13'!AO76+'J14'!AO76+'J15'!AO76+'J16'!AO76+'J17'!AO76+'J18'!AO76+'J19'!AO76+'J20'!AO76+'J21'!AO76+'J22'!AO76 -> 3 | AQ75: =AF78+AG81+AH84+AI81+AJ87+AK84+AL82+AK78+AO84+AO81+AQ81+AP78 -> 70
I76: LANZAMIENTOS | L76: =O78+T78+Y78+P81+R81+U82+X81+Z81+Q84+T84+X84+AP78+AF78+AK78+AG81+AI81+AO81+AQ81+AL82+AH84+AK84+AO84+AJ87+S87 -> 158 | T76: ='J1'!U77+'J2'!U77+'J3'!U77+'J4'!U77+'J5'!U77+'J6'!U77+'J7'!U77+'J8'!U77+'J9'!U77+'J10'!U77+'J11'!U77+'J12'!U77+'J13'!U77+'J14'!U77+'J15'!U77+'J16'!U77+'J17'!U77+'J18'!U77+'J19'!U77+'J20'!U77+'J21'!U77+'J22'!U77 -> 19 | U76: ='J1'!V77+'J2'!V77+'J3'!V77+'J4'!V77+'J5'!V77+'J6'!V77+'J7'!V77+'J8'!V77+'J9'!V77+'J10'!V77+'J11'!V77+'J12'!V77+'J13'!V77+'J14'!V77+'J15'!V77+'J16'!V77+'J17'!V77+'J18'!V77+'J19'!V77+'J20'!V77+'J21'!V77+'J22'!V77 -> 7 | W76: ='J1'!X77+'J2'!X77+'J3'!X77+'J4'!X77+'J5'!X77+'J6'!X77+'J7'!X77+'J8'!X77+'J9'!X77+'J10'!X77+'J11'!X77+'J12'!X77+'J13'!X77+'J14'!X77+'J15'!X77+'J16'!X77+'J17'!X77+'J18'!X77+'J19'!X77+'J20'!X77+'J21'!X77+'J22'!X77 -> 20 | AK76: ='J1'!AL77+'J2'!AL77+'J3'!AL77+'J4'!AL77+'J5'!AL77+'J6'!AL77+'J7'!AL77+'J8'!AL77+'J9'!AL77+'J10'!AL77+'J11'!AL77+'J12'!AL77+'J13'!AL77+'J14'!AL77+'J15'!AL77+'J16'!AL77+'J17'!AL77+'J18'!AL77+'J19'!AL77+'J20'!AL77+'J21'!AL77+'J22'!AL77 -> 3 | AL76: ='J1'!AM77+'J2'!AM77+'J3'!AM77+'J4'!AM77+'J5'!AM77+'J6'!AM77+'J7'!AM77+'J8'!AM77+'J9'!AM77+'J10'!AM77+'J11'!AM77+'J12'!AM77+'J13'!AM77+'J14'!AM77+'J15'!AM77+'J16'!AM77+'J17'!AM77+'J18'!AM77+'J19'!AM77+'J20'!AM77+'J21'!AM77+'J22'!AM77 -> 12 | AN76: ='J1'!AO77+'J2'!AO77+'J3'!AO77+'J4'!AO77+'J5'!AO77+'J6'!AO77+'J7'!AO77+'J8'!AO77+'J9'!AO77+'J10'!AO77+'J11'!AO77+'J12'!AO77+'J13'!AO77+'J14'!AO77+'J15'!AO77+'J16'!AO77+'J17'!AO77+'J18'!AO77+'J19'!AO77+'J20'!AO77+'J21'!AO77+'J22'!AO77 -> 10
I77: GOLES | L77: =T75+U75+W75+T76+U76+W76+T77+U77+W77 -> 95 | T77: ='J1'!U78+'J2'!U78+'J3'!U78+'J4'!U78+'J5'!U78+'J6'!U78+'J7'!U78+'J8'!U78+'J9'!U78+'J10'!U78+'J11'!U78+'J12'!U78+'J13'!U78+'J14'!U78+'J15'!U78+'J16'!U78+'J17'!U78+'J18'!U78+'J19'!U78+'J20'!U78+'J21'!U78+'J22'!U78 -> 11 | U77: ='J1'!V78+'J2'!V78+'J3'!V78+'J4'!V78+'J5'!V78+'J6'!V78+'J7'!V78+'J8'!V78+'J9'!V78+'J10'!V78+'J11'!V78+'J12'!V78+'J13'!V78+'J14'!V78+'J15'!V78+'J16'!V78+'J17'!V78+'J18'!V78+'J19'!V78+'J20'!V78+'J21'!V78+'J22'!V78 -> 5 | W77: ='J1'!X78+'J2'!X78+'J3'!X78+'J4'!X78+'J5'!X78+'J6'!X78+'J7'!X78+'J8'!X78+'J9'!X78+'J10'!X78+'J11'!X78+'J12'!X78+'J13'!X78+'J14'!X78+'J15'!X78+'J16'!X78+'J17'!X78+'J18'!X78+'J19'!X78+'J20'!X78+'J21'!X78+'J22'!X78 -> 11 | AK77: ='J1'!AL78+'J2'!AL78+'J3'!AL78+'J4'!AL78+'J5'!AL78+'J6'!AL78+'J7'!AL78+'J8'!AL78+'J9'!AL78+'J10'!AL78+'J11'!AL78+'J12'!AL78+'J13'!AL78+'J14'!AL78+'J15'!AL78+'J16'!AL78+'J17'!AL78+'J18'!AL78+'J19'!AL78+'J20'!AL78+'J21'!AL78+'J22'!AL78 -> 6 | AL77: ='J1'!AM78+'J2'!AM78+'J3'!AM78+'J4'!AM78+'J5'!AM78+'J6'!AM78+'J7'!AM78+'J8'!AM78+'J9'!AM78+'J10'!AM78+'J11'!AM78+'J12'!AM78+'J13'!AM78+'J14'!AM78+'J15'!AM78+'J16'!AM78+'J17'!AM78+'J18'!AM78+'J19'!AM78+'J20'!AM78+'J21'!AM78+'J22'!AM78 -> 3 | AN77: ='J1'!AO78+'J2'!AO78+'J3'!AO78+'J4'!AO78+'J5'!AO78+'J6'!AO78+'J7'!AO78+'J8'!AO78+'J9'!AO78+'J10'!AO78+'J11'!AO78+'J12'!AO78+'J13'!AO78+'J14'!AO78+'J15'!AO78+'J16'!AO78+'J17'!AO78+'J18'!AO78+'J19'!AO78+'J20'!AO78+'J21'!AO78+'J22'!AO78 -> 7
I78: PARADAS | L78: =AK75+AL75+AN75+AK76+AL76+AN76+AK77+AL77+AN77 -> 53 | O78: ='J1'!P79+'J2'!P79+'J3'!P79+'J4'!P79+'J5'!Q82+'J6'!P79+'J7'!P79+'J8'!P79+'J9'!P79+'J10'!P79+'J11'!P79+'J12'!P79+'J13'!P79+'J14'!P79+'J15'!P79+'J16'!P79+'J17'!P79+'J18'!P79+'J19'!P79+'J20'!P79+'J21'!P79+'J22'!P79 -> 4 | Q78: =O78/L76 -> 0.025316456 | T78: ='J1'!U79+'J2'!U79+'J3'!U79+'J4'!U79+'J5'!V82+'J6'!U79+'J7'!U79+'J8'!U79+'J9'!U79+'J10'!U79+'J11'!U79+'J12'!U79+'J13'!U79+'J14'!U79+'J15'!U79+'J16'!U79+'J17'!U79+'J18'!U79+'J19'!U79+'J20'!U79+'J21'!U79+'J22'!U79 -> 28 | V78: =T78/$L$35 -> 0.18666667 | Y78: ='J1'!Z79+'J2'!Z79+'J3'!Z79+'J4'!Z79+'J5'!AA82+'J6'!Z79+'J7'!Z79+'J8'!Z79+'J9'!Z79+'J10'!Z79+'J11'!Z79+'J12'!Z79+'J13'!Z79+'J14'!Z79+'J15'!Z79+'J16'!Z79+'J17'!Z79+'J18'!Z79+'J19'!Z79+'J20'!Z79+'J21'!Z79+'J22'!Z79 -> 6 | AA78: =Y78/L76 -> 0.037974684 | AF78: ='J1'!AG79+'J2'!AG79+'J3'!AG79+'J4'!AG79+'J5'!AH82+'J6'!AG79+'J7'!AG79+'J8'!AG79+'J9'!AG79+'J10'!AG79+'J11'!AG79+'J12'!AG79+'J13'!AG79+'J14'!AG79+'J15'!AG79+'J16'!AG79+'J17'!AG79+'J18'!AG79+'J19'!AG79+'J20'!AG79+'J21'!AG79+'J22'!AG79 -> 5 | AH78: =AF78/L76 -> 0.03164557 | AK78: ='J1'!AL79+'J2'!AL79+'J3'!AL79+'J4'!AL79+'J5'!AM82+'J6'!AL79+'J7'!AL79+'J8'!AL79+'J9'!AL79+'J10'!AL79+'J11'!AL79+'J12'!AL79+'J13'!AL79+'J14'!AL79+'J15'!AL79+'J16'!AL79+'J17'!AL79+'J18'!AL79+'J19'!AL79+'J20'!AL79+'J21'!AL79+'J22'!AL79 -> 11 | AM78: =AK78/$L$35 -> 0.073333333 | AP78: ='J1'!AQ79+'J2'!AQ79+'J3'!AQ79+'J4'!AQ79+'J5'!AR82+'J6'!AQ79+'J7'!AQ79+'J8'!AQ79+'J9'!AQ79+'J10'!AQ79+'J11'!AQ79+'J12'!AQ79+'J13'!AQ79+'J14'!AQ79+'J15'!AQ79+'J16'!AQ79+'J17'!AQ79+'J18'!AQ79+'J19'!AQ79+'J20'!AQ79+'J21'!AQ79+'J22'!AQ79 -> 12 | AR78: =AP78/L76 -> 0.075949367
I79: PORCENTAJE | L79: =L78/L76 -> 0.33544304
I80: 6 M | L80: =(R81+T84+X81+AI81+AK84+AO81)/L76 -> 0.40506329
I81: 9 M | L81: =(P81+Q84+S87+X84+Z81+AG81+AH84+AJ87+AO84+AQ81)/L76 -> 0.050632911 | P81: ='J1'!Q82+'J2'!Q82+'J3'!Q82+'J4'!Q82+'J5'!R85+'J6'!Q82+'J7'!Q82+'J8'!Q82+'J9'!Q82+'J10'!Q82+'J11'!Q82+'J12'!Q82+'J13'!Q82+'J14'!Q82+'J15'!Q82+'J16'!Q82+'J17'!Q82+'J18'!Q82+'J19'!Q82+'J20'!Q82+'J21'!Q82+'J22'!Q82 -> 0 | Q81: =P81/L76 -> 0 | R81: ='J1'!S82+'J2'!S82+'J3'!S82+'J4'!S82+'J5'!T85+'J6'!S82+'J7'!S82+'J8'!S82+'J9'!S82+'J10'!S82+'J11'!S82+'J12'!S82+'J13'!S82+'J14'!S82+'J15'!S82+'J16'!S82+'J17'!S82+'J18'!S82+'J19'!S82+'J20'!S82+'J21'!S82+'J22'!S82 -> 10 | S81: =R81/L76 -> 0.063291139 | U81: 7m | X81: ='J1'!Y82+'J2'!Y82+'J3'!Y82+'J4'!Y82+'J5'!Z85+'J6'!Y82+'J7'!Y82+'J8'!Y82+'J9'!Y82+'J10'!Y82+'J11'!Y82+'J12'!Y82+'J13'!Y82+'J14'!Y82+'J15'!Y82+'J16'!Y82+'J17'!Y82+'J18'!Y82+'J19'!Y82+'J20'!Y82+'J21'!Y82+'J22'!Y82 -> 4 | Y81: =X81/L76 -> 0.025316456 | Z81: ='J1'!AA82+'J2'!AA82+'J3'!AA82+'J4'!AA82+'J5'!AB85+'J6'!AA82+'J7'!AA82+'J8'!AA82+'J9'!AA82+'J10'!AA82+'J11'!AA82+'J12'!AA82+'J13'!AA82+'J14'!AA82+'J15'!AA82+'J16'!AA82+'J17'!AA82+'J18'!AA82+'J19'!AA82+'J20'!AA82+'J21'!AA82+'J22'!AA82 -> 0 | AA81: =Z81/L76 -> 0 | AG81: ='J1'!AH82+'J2'!AH82+'J3'!AH82+'J4'!AH82+'J5'!AI85+'J6'!AH82+'J7'!AH82+'J8'!AH82+'J9'!AH82+'J10'!AH82+'J11'!AH82+'J12'!AH82+'J13'!AH82+'J14'!AH82+'J15'!AH82+'J16'!AH82+'J17'!AH82+'J18'!AH82+'J19'!AH82+'J20'!AH82+'J21'!AH82+'J22'!AH82 -> 0 | AH81: =AG81/L76 -> 0 | AI81: ='J1'!AJ82+'J2'!AJ82+'J3'!AJ82+'J4'!AJ82+'J5'!AK85+'J6'!AJ82+'J7'!AJ82+'J8'!AJ82+'J9'!AJ82+'J10'!AJ82+'J11'!AJ82+'J12'!AJ82+'J13'!AJ82+'J14'!AJ82+'J15'!AJ82+'J16'!AJ82+'J17'!AJ82+'J18'!AJ82+'J19'!AJ82+'J20'!AJ82+'J21'!AJ82+'J22'!AJ82 -> 7 | AJ81: =AI81/L76 -> 0.044303797 | AL81: 7m | AO81: ='J1'!AP82+'J2'!AP82+'J3'!AP82+'J4'!AP82+'J5'!AQ85+'J6'!AP82+'J7'!AP82+'J8'!AP82+'J9'!AP82+'J10'!AP82+'J11'!AP82+'J12'!AP82+'J13'!AP82+'J14'!AP82+'J15'!AP82+'J16'!AP82+'J17'!AP82+'J18'!AP82+'J19'!AP82+'J20'!AP82+'J21'!AP82+'J22'!AP82 -> 4 | AP81: =AO81/L76 -> 0.025316456 | AQ81: ='J1'!AR82+'J2'!AR82+'J3'!AR82+'J4'!AR82+'J5'!AS85+'J6'!AR82+'J7'!AR82+'J8'!AR82+'J9'!AR82+'J10'!AR82+'J11'!AR82+'J12'!AR82+'J13'!AR82+'J14'!AR82+'J15'!AR82+'J16'!AR82+'J17'!AR82+'J18'!AR82+'J19'!AR82+'J20'!AR82+'J21'!AR82+'J22'!AR82 -> 0 | AR81: =AQ81/L76 -> 0
I82: PENETRACION | L82: =(T78+AK78)/L76 -> 0.24683544 | U82: ='J1'!V83+'J2'!V83+'J3'!V83+'J4'!V83+'J5'!V83+'J6'!V83+'J7'!V83+'J8'!V83+'J9'!V83+'J10'!V83+'J11'!V83+'J12'!V83+'J13'!V83+'J14'!V83+'J15'!V83+'J16'!V83+'J17'!V83+'J18'!V83+'J19'!V83+'J20'!V83+'J21'!V83+'J22'!V83 -> 13 | AL82: ='J1'!AM83+'J2'!AM83+'J3'!AM83+'J4'!AM83+'J5'!AM83+'J6'!AM83+'J7'!AM83+'J8'!AM83+'J9'!AM83+'J10'!AM83+'J11'!AM83+'J12'!AM83+'J13'!AM83+'J14'!AM83+'J15'!AM83+'J16'!AM83+'J17'!AM83+'J18'!AM83+'J19'!AM83+'J20'!AM83+'J21'!AM83+'J22'!AM83 -> 7
I83: EXTREMOS | L83: =(O78+Y78+AF78+AP78)/L76 -> 0.17088608 | U83: =U82/L76 -> 0.082278481 | AL83: =AL82/L76 -> 0.044303797
I84: PENALTIS | L84: =(U82+AL82)/L76 -> 0.12658228 | Q84: ='J1'!R85+'J2'!R85+'J3'!R85+'J4'!R85+'J5'!S88+'J6'!R85+'J7'!R85+'J8'!R85+'J9'!R85+'J10'!R85+'J11'!R85+'J12'!R85+'J13'!R85+'J14'!R85+'J15'!R85+'J16'!R85+'J17'!R85+'J18'!R85+'J19'!R85+'J20'!R85+'J21'!R85+'J22'!R85 -> 0 | R84: =Q84/L76 -> 0 | T84: ='J1'!U85+'J2'!U85+'J3'!U85+'J4'!U85+'J5'!V88+'J6'!U85+'J7'!U85+'J8'!U85+'J9'!U85+'J10'!U85+'J11'!U85+'J12'!U85+'J13'!U85+'J14'!U85+'J15'!U85+'J16'!U85+'J17'!U85+'J18'!U85+'J19'!U85+'J20'!U85+'J21'!U85+'J22'!U85 -> 19 | V84: =T84/L76 -> 0.12025316 | X84: ='J1'!Y85+'J2'!Y85+'J3'!Y85+'J4'!Y85+'J5'!Z88+'J6'!Y85+'J7'!Y85+'J8'!Y85+'J9'!Y85+'J10'!Y85+'J11'!Y85+'J12'!Y85+'J13'!Y85+'J14'!Y85+'J15'!Y85+'J16'!Y85+'J17'!Y85+'J18'!Y85+'J19'!Y85+'J20'!Y85+'J21'!Y85+'J22'!Y85 -> 0 | Z84: =X84/L76 -> 0 | AH84: ='J1'!AI85+'J2'!AI85+'J3'!AI85+'J4'!AI85+'J5'!AJ88+'J6'!AI85+'J7'!AI85+'J8'!AI85+'J9'!AI85+'J10'!AI85+'J11'!AI85+'J12'!AI85+'J13'!AI85+'J14'!AI85+'J15'!AI85+'J16'!AI85+'J17'!AI85+'J18'!AI85+'J19'!AI85+'J20'!AI85+'J21'!AI85+'J22'!AI85 -> 1 | AI84: =AH84/L76 -> 0.0063291139 | AK84: ='J1'!AL85+'J2'!AL85+'J3'!AL85+'J4'!AL85+'J5'!AM88+'J6'!AL85+'J7'!AL85+'J8'!AL85+'J9'!AL85+'J10'!AL85+'J11'!AL85+'J12'!AL85+'J13'!AL85+'J14'!AL85+'J15'!AL85+'J16'!AL85+'J17'!AL85+'J18'!AL85+'J19'!AL85+'J20'!AL85+'J21'!AL85+'J22'!AL85 -> 20 | AM84: =AK84/L76 -> 0.12658228 | AO84: ='J1'!AP85+'J2'!AP85+'J3'!AP85+'J4'!AP85+'J5'!AQ88+'J6'!AP85+'J7'!AP85+'J8'!AP85+'J9'!AP85+'J10'!AP85+'J11'!AP85+'J12'!AP85+'J13'!AP85+'J14'!AP85+'J15'!AP85+'J16'!AP85+'J17'!AP85+'J18'!AP85+'J19'!AP85+'J20'!AP85+'J21'!AP85+'J22'!AP85 -> 1 | AQ84: =AO84/L76 -> 0.0063291139
M86: =SUM(L80:M84) -> 1
S87: ='J1'!T88+'J2'!T88+'J3'!T88+'J4'!T88+'J5'!U91+'J6'!T88+'J7'!T88+'J8'!T88+'J9'!T88+'J10'!T88+'J11'!T88+'J12'!T88+'J13'!T88+'J14'!T88+'J15'!T88+'J16'!T88+'J17'!T88+'J18'!T88+'J19'!T88+'J20'!T88+'J21'!T88+'J22'!T88 -> 4 | V87: =S87/L76 -> 0.025316456 | AJ87: ='J1'!AK88+'J2'!AK88+'J3'!AK88+'J4'!AK88+'J5'!AL91+'J6'!AK88+'J7'!AK88+'J8'!AK88+'J9'!AK88+'J10'!AK88+'J11'!AK88+'J12'!AK88+'J13'!AK88+'J14'!AK88+'J15'!AK88+'J16'!AK88+'J17'!AK88+'J18'!AK88+'J19'!AK88+'J20'!AK88+'J21'!AK88+'J22'!AK88 -> 2 | AM87: =AJ87/L76 -> 0.012658228
I93: TOTAL PORTERÍA | R93: GOLES | AI93: PARADAS
I96: TOTAL ACUMULADO | S96: D | X96: I | Z96: =T97+U97+W97+T98+U98+W98+T99+U99+W99 -> 235 | AJ96: D | AO96: I | AQ96: =AK97+AL97+AN97+AK98+AL98+AN98+AK99+AL99+AN99 -> 120
I97: LANZAMIENTOS | L97: =L56+L35+L76 -> 408 | T97: =T55+T34+T75 -> 16 | U97: =U55+U34+U75 -> 19 | V97: =V55+V34+V75 -> 0 | W97: =W55+W34+W75 -> 23 | Z97: =O100+P103+Q106+R103+S109+T106+U104+T100+X106+X103+Z103+Y100 -> 229 | AK97: =AK55+AK34+AK75 -> 8 | AL97: =AL55+AL34+AL75 -> 13 | AM97: =AM55+AM34+AM75 -> 0 | AN97: =AN55+AN34+AN75 -> 7 | AQ97: =AF100+AG103+AH106+AI103+AJ109+AK106+AL104+AK100+AO106+AO103+AQ103+AP100 -> 179
I98: GOLES | L98: =L57+L36+L77 -> 235 | T98: =T56+T35+T76 -> 39 | U98: =U56+U35+U76 -> 14 | V98: =V56+V35+V76 -> 0 | W98: =W56+W35+W76 -> 42 | AK98: =AK56+AK35+AK76 -> 13 | AL98: =AL56+AL35+AL76 -> 22 | AM98: =AM56+AM35+AM76 -> 0 | AN98: =AN56+AN35+AN76 -> 19
I99: PARADAS | L99: =L58+L37+L78 -> 120 | T99: =T57+T36+T77 -> 34 | U99: =U57+U36+U77 -> 23 | V99: =V57+V36+V77 -> 0 | W99: =W57+W36+W77 -> 25 | AK99: =AK57+AK36+AK77 -> 14 | AL99: =AL57+AL36+AL77 -> 12 | AM99: =AM57+AM36+AM77 -> 0 | AN99: =AN57+AN36+AN77 -> 12
I100: PORCENTAJE | L100: =L99/L97 -> 0.29411765 | O100: =O58+O37+O78 -> 13 | Q100: =O100/$L$97 -> 0.031862745 | T100: =T58+T37+T78 -> 74 | V100: =T100/$L$35 -> 0.49333333 | Y100: =Y58+Y37+Y78 -> 24 | AA100: =Y100/$L$97 -> 0.058823529 | AF100: =AF58+AF37+AF78 -> 15 | AH100: =AF100/$L$97 -> 0.036764706 | AK100: =AK58+AK37+AK78 -> 28 | AM100: =AK100/$L$35 -> 0.18666667 | AP100: =AP58+AP37+AP78 -> 26 | AR100: =AP100/$L$97 -> 0.06372549
I101: 6 M | L101: =(R103+T106+X103+AI103+AK106+AO103)/L97 -> 0.37745098
I102: 9 M | L102: =(P103+Q106+S109+X106+Z103+AG103+AH106+AJ109+AO106+AQ103)/L97 -> 0.075980392
I103: PENETRACION | L103: =(T100+AK100)/L97 -> 0.25 | P103: =P61+P40+P81 -> 0 | R103: =R61+R40+R81 -> 21 | S103: =R103/$L$97 -> 0.051470588 | U103: 7m | X103: =X61+X40+X81 -> 14 | Y103: =X103/$L$97 -> 0.034313725 | Z103: =Z61+Z40+Z81 -> 0 | AA103: =Z103/$L$97 -> 0 | AG103: =AG61+AG40+AG81 -> 1 | AI103: =AI61+AI40+AI81 -> 18 | AJ103: =AI103/$L$97 -> 0.044117647 | AL103: 7m | AO103: =AO61+AO40+AO81 -> 13 | AP103: =AO103/$L$97 -> 0.031862745 | AQ103: =AQ61+AQ40+AQ81 -> 0 | AR103: =AQ103/$L$97 -> 0
I104: EXTREMOS | L104: =(O100+Y100+AF100+AP100)/L97 -> 0.19117647 | U104: =U62+U41+U82 -> 29 | AL104: =AL62+AL41+AL82 -> 14
I105: PENALTIS | L105: =(U104+AL104)/L97 -> 0.10539216 | U105: =U104/$L$97 -> 0.071078431 | AL105: =AL104/$L$97 -> 0.034313725
Q106: =Q64+Q43+Q84 -> 0 | R106: =Q106/$L$97 -> 0 | T106: =T64+T43+T84 -> 43 | U106: =U64+U43+U84 -> 0 | V106: =T106/$L$97 -> 0.10539216 | X106: =X64+X43+X84 -> 0 | Y106: =Y64+Y43+Y84 -> 0 | Z106: =X106/$L$97 -> 0 | AH106: =AH64+AH43+AH84 -> 3 | AI106: =AH106/$L$97 -> 0.0073529412 | AK106: =AK64+AK43+AK84 -> 45 | AL106: =AL64+AL43+AL84 -> 0 | AM106: =AK106/$L$97 -> 0.11029412 | AO106: =AO64+AO43+AO84 -> 3 | AP106: =AP64+AP43+AP84 -> 0 | AQ106: =AO106/$L$97 -> 0.0073529412
M107: =SUM(L101:M105) -> 1
S109: =S67+S46+S87 -> 11 | T109: =T67+T46+T87 -> 0 | U109: =U67+U46+U87 -> 0 | V109: =S109/$L$97 -> 0.026960784 | AJ109: =AJ67+AJ46+AJ87 -> 13 | AK109: =AK67+AK46+AK87 -> 0 | AL109: =AL67+AL46+AL87 -> 0 | AM109: =AJ109/$L$97 -> 0.031862745

Sheet J1
B2: JORNADA: | C2: 1
B3: RESULTADO:
B4: 13 | C4: OLIAS | D4: 26
B5: 23 | C5: GUADA | D5: 49
F7: JUGADORES | M7: LANZAMIENTOS | AO7: VALORACIÓN POSITVIA | AV7: VALORACION NEGATIVA | BC7: SANCIONES DISCIPLINARIAS
F8: Dorsal | G8: Nombre | H8: Posición | I8: Tiempo Jugado | J8: Valoracion Cualitativa | L8: Valoración Cuantitativa | M8: TOTAL | P8: 9 metros | W8: Extremo | AC8: 6 metros/Ctq | AI8: 7 metros | AO8: POSITIVO | AP8: Asistencia/. Bloqueo | AQ8: Fuerza 7M/2' | AR8: Recupera | AS8: Buena DEF | AT8: Blocaje | AU8: NEGATIVO | AV8: PASE | AW8: RECEPCION | AX8: PASOS | AY8: DOBLES | AZ8: PISAR | BA8: F. ATAQUE | BB8: FALLO DEF. | BC8: A | BD8: 2' | BE8: 2' | BF8: Ex. | BG8: D.
J9: DefeNsa | K9: Ataque | M9: % | N9: Lanz. | O9: Gol | P9: % | Q9: Lanz | R9: Gol | S9: Para | T9: Poste | U9: Fuera | V9: Bloq | W9: % | X9: Lanz | Y9: Gol | Z9: Parada | AA9: Poste | AB9: Fuera | AC9: % | AD9: Lanz | AE9: Gol | AF9: Parada | AG9: Poste | AH9: Fuera | AI9: % | AJ9: Lanz | AK9: Gol | AL9: Para | AM9: Poste | AN9: Fuera
F10: ='TOTAL TEMPORADA 25-26'!E10 -> 0 | G10: ='TOTAL TEMPORADA 25-26'!F10 -> ALEJO | I10: 40 | L10: =1.5*R10+Y10+0.5*AE10+AK10+AO10-0.5*S10-0.5*T10-0.5*U10-0.5*V10-Z10-AA10-AB10-1.5*AF10-1.5*AG10-1.5*AH10-1.5*AL10-1.5*AM10-1.5*AN10-AU10-BD10-BE10-BF10-BG10 -> 5 | M10: =IFERROR(O10/N10,"") -> 0.83333333 | N10: =SUM(R10:V10)+SUM(AE10:AH10)+SUM(AK10:AN10)+SUM(Y10:AB10) -> 6 | O10: =R10+AE10+AK10+Y10 -> 5 | P10: =IFERROR(R10/SUM(R10:V10),"") -> 0 | Q10: =IF(SUM(R10:V10)=0,"",SUM(R10:V10)) -> 1 | S10: 1 | W10: =IFERROR(Y10/SUM(Y10:AB10),"") -> 1 | X10: =IF(SUM(Y10:AB10)=0,"",SUM(Y10:AB10)) -> 3 | Y10: 3 | AC10: =IFERROR(AE10/SUM(AE10:AH10),"") -> 1 | AD10: =IF(SUM(AE10:AH10)=0,"",SUM(AE10:AH10)) -> 1 | AE10: 1 | AI10: =IFERROR(AK10/SUM(AK10:AN10),"") -> 1 | AJ10: =IF(SUM(AK10:AN10)=0,"",SUM(AK10:AN10)) -> 1 | AK10: 1 | AO10: =SUM(AP10:AT10) -> 1 | AR10: 1 | AU10: =SUM(AV10:BB10) -> 0 | BH10: =G10 -> ALEJO
F11: ='TOTAL TEMPORADA 25-26'!E11 -> 0 | G11: ='TOTAL TEMPORADA 25-26'!F11 -> CHRISTIAN | I11: 15 | L11: =1.5*R11+Y11+0.5*AE11+AK11+AO11-0.5*S11-0.5*T11-0.5*U11-0.5*V11-Z11-AA11-AB11-1.5*AF11-1.5*AG11-1.5*AH11-1.5*AL11-1.5*AM11-1.5*AN11-AU11-BD11-BE11-BF11-BG11 -> 3 | M11: =IFERROR(O11/N11,"") -> 1 | N11: =SUM(R11:V11)+SUM(AE11:AH11)+SUM(AK11:AN11)+SUM(Y11:AB11) -> 3 | O11: =R11+AE11+AK11+Y11 -> 3 | P11: =IFERROR(R11/SUM(R11:V11),"") | Q11: =IF(SUM(R11:V11)=0,"",SUM(R11:V11)) | W11: =IFERROR(Y11/SUM(Y11:AB11),"") -> 1 | X11: =IF(SUM(Y11:AB11)=0,"",SUM(Y11:AB11)) -> 3 | Y11: 3 | AC11: =IFERROR(AE11/SUM(AE11:AH11),"") | AD11: =IF(SUM(AE11:AH11)=0,"",SUM(AE11:AH11)) | AI11: =IFERROR(AK11/SUM(AK11:AN11),"") | AJ11: =IF(SUM(AK11:AN11)=0,"",SUM(AK11:AN11)) | AO11: =SUM(AP11:AT11) -> 1 | AR11: 1 | AU11: =SUM(AV11:BB11) -> 1 | AV11: 1 | BH11: =G11 -> CHRISTIAN
F12: ='TOTAL TEMPORADA 25-26'!E12 -> 0 | G12: ='TOTAL TEMPORADA 25-26'!F12 -> DIEGO | I12: 32 | L12: =1.5*R12+Y12+0.5*AE12+AK12+AO12-0.5*S12-0.5*T12-0.5*U12-0.5*V12-Z12-AA12-AB12-1.5*AF12-1.5*AG12-1.5*AH12-1.5*AL12-1.5*AM12-1.5*AN12-AU12-BD12-BE12-BF12-BG12 -> -0.5 | M12: =IFERROR(O12/N12,"") -> 0.66666667 | N12: =SUM(R12:V12)+SUM(AE12:AH12)+SUM(AK12:AN12)+SUM(Y12:AB12) -> 3 | O12: =R12+AE12+AK12+Y12 -> 2 | P12: =IFERROR(R12/SUM(R12:V12),"") | Q12: =IF(SUM(R12:V12)=0,"",SUM(R12:V12)) | W12: =IFERROR(Y12/SUM(Y12:AB12),"") | X12: =IF(SUM(Y12:AB12)=0,"",SUM(Y12:AB12)) | AC12: =IFERROR(AE12/SUM(AE12:AH12),"") -> 0.66666667 | AD12: =IF(SUM(AE12:AH12)=0,"",SUM(AE12:AH12)) -> 3 | AE12: 2 | AF12: 1 | AI12: =IFERROR(AK12/SUM(AK12:AN12),"") | AJ12: =IF(SUM(AK12:AN12)=0,"",SUM(AK12:AN12)) | AO12: =SUM(AP12:AT12) -> 0 | AU12: =SUM(AV12:BB12) -> 0 | BH12: =G12 -> DIEGO
F13: ='TOTAL TEMPORADA 25-26'!E13 -> 0 | G13: ='TOTAL TEMPORADA 25-26'!F13 -> IKER | I13: 26 | L13: =1.5*R13+Y13+0.5*AE13+AK13+AO13-0.5*S13-0.5*T13-0.5*U13-0.5*V13-Z13-AA13-AB13-1.5*AF13-1.5*AG13-1.5*AH13-1.5*AL13-1.5*AM13-1.5*AN13-AU13-BD13-BE13-BF13-BG13 -> 1.5 | M13: =IFERROR(O13/N13,"") -> 1 | N13: =SUM(R13:V13)+SUM(AE13:AH13)+SUM(AK13:AN13)+SUM(Y13:AB13) -> 1 | O13: =R13+AE13+AK13+Y13 -> 1 | P13: =IFERROR(R13/SUM(R13:V13),"") | Q13: =IF(SUM(R13:V13)=0,"",SUM(R13:V13)) | W13: =IFERROR(Y13/SUM(Y13:AB13),"") | X13: =IF(SUM(Y13:AB13)=0,"",SUM(Y13:AB13)) | AC13: =IFERROR(AE13/SUM(AE13:AH13),"") -> 1 | AD13: =IF(SUM(AE13:AH13)=0,"",SUM(AE13:AH13)) -> 1 | AE13: 1 | AI13: =IFERROR(AK13/SUM(AK13:AN13),"") | AJ13: =IF(SUM(AK13:AN13)=0,"",SUM(AK13:AN13)) | AO13: =SUM(AP13:AT13) -> 1 | AR13: 1 | AU13: =SUM(AV13:BB13) -> 0 | BH13: =G13 -> IKER
F14: ='TOTAL TEMPORADA 25-26'!E14 -> 0 | G14: ='TOTAL TEMPORADA 25-26'!F14 -> IÑIGO | I14: 22 | L14: =1.5*R14+Y14+0.5*AE14+AK14+AO14-0.5*S14-0.5*T14-0.5*U14-0.5*V14-Z14-AA14-AB14-1.5*AF14-1.5*AG14-1.5*AH14-1.5*AL14-1.5*AM14-1.5*AN14-AU14-BD14-BE14-BF14-BG14 -> 2 | M14: =IFERROR(O14/N14,"") -> 1 | N14: =SUM(R14:V14)+SUM(AE14:AH14)+SUM(AK14:AN14)+SUM(Y14:AB14) -> 4 | O14: =R14+AE14+AK14+Y14 -> 4 | P14: =IFERROR(R14/SUM(R14:V14),"") | Q14: =IF(SUM(R14:V14)=0,"",SUM(R14:V14)) | W14: =IFERROR(Y14/SUM(Y14:AB14),"") | X14: =IF(SUM(Y14:AB14)=0,"",SUM(Y14:AB14)) | AC14: =IFERROR(AE14/SUM(AE14:AH14),"") -> 1 | AD14: =IF(SUM(AE14:AH14)=0,"",SUM(AE14:AH14)) -> 4 | AE14: 4 | AI14: =IFERROR(AK14/SUM(AK14:AN14),"") | AJ14: =IF(SUM(AK14:AN14)=0,"",SUM(AK14:AN14)) | AO14: =SUM(AP14:AT14) -> 0 | AU14: =SUM(AV14:BB14) -> 0 | BH14: =G14 -> IÑIGO
F15: ='TOTAL TEMPORADA 25-26'!E15 -> 0 | G15: ='TOTAL TEMPORADA 25-26'!F15 -> JOEL | I15: 38 | L15: =1.5*R15+Y15+0.5*AE15+AK15+AO15-0.5*S15-0.5*T15-0.5*U15-0.5*V15-Z15-AA15-AB15-1.5*AF15-1.5*AG15-1.5*AH15-1.5*AL15-1.5*AM15-1.5*AN15-AU15-BD15-BE15-BF15-BG15 -> 7.5 | M15: =IFERROR(O15/N15,"") -> 0.875 | N15: =SUM(R15:V15)+SUM(AE15:AH15)+SUM(AK15:AN15)+SUM(Y15:AB15) -> 8 | O15: =R15+AE15+AK15+Y15 -> 7 | P15: =IFERROR(R15/SUM(R15:V15),"") -> 1 | Q15: =IF(SUM(R15:V15)=0,"",SUM(R15:V15)) -> 3 | R15: 3 | W15: =IFERROR(Y15/SUM(Y15:AB15),"") -> 0.75 | X15: =IF(SUM(Y15:AB15)=0,"",SUM(Y15:AB15)) -> 4 | Y15: 3 | AB15: 1 | AC15: =IFERROR(AE15/SUM(AE15:AH15),"") | AD15: =IF(SUM(AE15:AH15)=0,"",SUM(AE15:AH15)) | AI15: =IFERROR(AK15/SUM(AK15:AN15),"") -> 1 | AJ15: =IF(SUM(AK15:AN15)=0,"",SUM(AK15:AN15)) -> 1 | AK15: 1 | AO15: =SUM(AP15:AT15) -> 2 | AR15: 1 | AT15: 1 | AU15: =SUM(AV15:BB15) -> 1 | AY15: 1 | BD15: 1 | BH15: =G15 -> JOEL
F16: ='TOTAL TEMPORADA 25-26'!E16 -> 0 | G16: ='TOTAL TEMPORADA 25-26'!F16 -> LUIS | I16: 55 | L16: =1.5*R16+Y16+0.5*AE16+AK16+AO16-0.5*S16-0.5*T16-0.5*U16-0.5*V16-Z16-AA16-AB16-1.5*AF16-1.5*AG16-1.5*AH16-1.5*AL16-1.5*AM16-1.5*AN16-AU16-BD16-BE16-BF16-BG16 -> 3 | M16: =IFERROR(O16/N16,"") -> 0.83333333 | N16: =SUM(R16:V16)+SUM(AE16:AH16)+SUM(AK16:AN16)+SUM(Y16:AB16) -> 6 | O16: =R16+AE16+AK16+Y16 -> 5 | P16: =IFERROR(R16/SUM(R16:V16),"") | Q16: =IF(SUM(R16:V16)=0,"",SUM(R16:V16)) | W16: =IFERROR(Y16/SUM(Y16:AB16),"") | X16: =IF(SUM(Y16:AB16)=0,"",SUM(Y16:AB16)) | AC16: =IFERROR(AE16/SUM(AE16:AH16),"") -> 0.83333333 | AD16: =IF(SUM(AE16:AH16)=0,"",SUM(AE16:AH16)) -> 6 | AE16: 5 | AG16: 1 | AI16: =IFERROR(AK16/SUM(AK16:AN16),"") | AJ16: =IF(SUM(AK16:AN16)=0,"",SUM(AK16:AN16)) | AO16: =SUM(AP16:AT16) -> 2 | AR16: 1 | AT16: 1 | AU16: =SUM(AV16:BB16) -> 0 | BH16: =G16 -> LUIS
F17: ='TOTAL TEMPORADA 25-26'!E17 -> 0 | G17: ='TOTAL TEMPORADA 25-26'!F17 -> MARCOS | I17: 43 | L17: =1.5*R17+Y17+0.5*AE17+AK17+AO17-0.5*S17-0.5*T17-0.5*U17-0.5*V17-Z17-AA17-AB17-1.5*AF17-1.5*AG17-1.5*AH17-1.5*AL17-1.5*AM17-1.5*AN17-AU17-BD17-BE17-BF17-BG17 -> -1 | M17: =IFERROR(O17/N17,"") -> 0.5 | N17: =SUM(R17:V17)+SUM(AE17:AH17)+SUM(AK17:AN17)+SUM(Y17:AB17) -> 4 | O17: =R17+AE17+AK17+Y17 -> 2 | P17: =IFERROR(R17/SUM(R17:V17),"") | Q17: =IF(SUM(R17:V17)=0,"",SUM(R17:V17)) | W17: =IFERROR(Y17/SUM(Y17:AB17),"") -> 0 | X17: =IF(SUM(Y17:AB17)=0,"",SUM(Y17:AB17)) -> 2 | Z17: 2 | AC17: =IFERROR(AE17/SUM(AE17:AH17),"") -> 1 | AD17: =IF(SUM(AE17:AH17)=0,"",SUM(AE17:AH17)) -> 2 | AE17: 2 | AI17: =IFERROR(AK17/SUM(AK17:AN17),"") | AJ17: =IF(SUM(AK17:AN17)=0,"",SUM(AK17:AN17)) | AO17: =SUM(AP17:AT17) -> 0 | AU17: =SUM(AV17:BB17) -> 0 | BH17: =G17 -> MARCOS
F18: ='TOTAL TEMPORADA 25-26'!E18 -> 0 | G18: ='TOTAL TEMPORADA 25-26'!F18 -> MATEO | I18: 21 | L18: =1.5*R18+Y18+0.5*AE18+AK18+AO18-0.5*S18-0.5*T18-0.5*U18-0.5*V18-Z18-AA18-AB18-1.5*AF18-1.5*AG18-1.5*AH18-1.5*AL18-1.5*AM18-1.5*AN18-AU18-BD18-BE18-BF18-BG18 -> 5 | M18: =IFERROR(O18/N18,"") -> 0.83333333 | N18: =SUM(R18:V18)+SUM(AE18:AH18)+SUM(AK18:AN18)+SUM(Y18:AB18) -> 12 | O18: =R18+AE18+AK18+Y18 -> 10 | P18: =IFERROR(R18/SUM(R18:V18),"") -> 1 | Q18: =IF(SUM(R18:V18)=0,"",SUM(R18:V18)) -> 2 | R18: 2 | W18: =IFERROR(Y18/SUM(Y18:AB18),"") | X18: =IF(SUM(Y18:AB18)=0,"",SUM(Y18:AB18)) | AC18: =IFERROR(AE18/SUM(AE18:AH18),"") -> 0.88888889 | AD18: =IF(SUM(AE18:AH18)=0,"",SUM(AE18:AH18)) -> 9 | AE18: 8 | AH18: 1 | AI18: =IFERROR(AK18/SUM(AK18:AN18),"") -> 0 | AJ18: =IF(SUM(AK18:AN18)=0,"",SUM(AK18:AN18)) -> 1 | AN18: 1 | AO18: =SUM(AP18:AT18) -> 2 | AR18: 2 | AU18: =SUM(AV18:BB18) -> 0 | BD18: 1 | BH18: =G18 -> MATEO
F19: ='TOTAL TEMPORADA 25-26'!E19 -> 0 | G19: ='TOTAL TEMPORADA 25-26'!F19 -> PEDRO | I19: 17 | L19: =1.5*R19+Y19+0.5*AE19+AK19+AO19-0.5*S19-0.5*T19-0.5*U19-0.5*V19-Z19-AA19-AB19-1.5*AF19-1.5*AG19-1.5*AH19-1.5*AL19-1.5*AM19-1.5*AN19-AU19-BD19-BE19-BF19-BG19 -> -1 | M19: =IFERROR(O19/N19,"") -> 0.5 | N19: =SUM(R19:V19)+SUM(AE19:AH19)+SUM(AK19:AN19)+SUM(Y19:AB19) -> 2 | O19: =R19+AE19+AK19+Y19 -> 1 | P19: =IFERROR(R19/SUM(R19:V19),"") | Q19: =IF(SUM(R19:V19)=0,"",SUM(R19:V19)) | W19: =IFERROR(Y19/SUM(Y19:AB19),"") | X19: =IF(SUM(Y19:AB19)=0,"",SUM(Y19:AB19)) | AC19: =IFERROR(AE19/SUM(AE19:AH19),"") -> 0.5 | AD19: =IF(SUM(AE19:AH19)=0,"",SUM(AE19:AH19)) -> 2 | AE19: 1 | AG19: 1 | AI19: =IFERROR(AK19/SUM(AK19:AN19),"") | AJ19: =IF(SUM(AK19:AN19)=0,"",SUM(AK19:AN19)) | AO19: =SUM(AP19:AT19) -> 0 | AU19: =SUM(AV19:BB19) -> 0 | BH19: =G19 -> PEDRO
F20: ='TOTAL TEMPORADA 25-26'!E20 -> 0 | G20: ='TOTAL TEMPORADA 25-26'!F20 -> SAMUEL | I20: 51 | L20: =1.5*R20+Y20+0.5*AE20+AK20+AO20-0.5*S20-0.5*T20-0.5*U20-0.5*V20-Z20-AA20-AB20-1.5*AF20-1.5*AG20-1.5*AH20-1.5*AL20-1.5*AM20-1.5*AN20-AU20-BD20-BE20-BF20-BG20 -> 2 | M20: =IFERROR(O20/N20,"") -> 0.69230769 | N20: =SUM(R20:V20)+SUM(AE20:AH20)+SUM(AK20:AN20)+SUM(Y20:AB20) -> 13 | O20: =R20+AE20+AK20+Y20 -> 9 | P20: =IFERROR(R20/SUM(R20:V20),"") -> 0 | Q20: =IF(SUM(R20:V20)=0,"",SUM(R20:V20)) -> 1 | S20: 1 | W20: =IFERROR(Y20/SUM(Y20:AB20),"") -> 0.5 | X20: =IF(SUM(Y20:AB20)=0,"",SUM(Y20:AB20)) -> 2 | Y20: 1 | Z20: 1 | AC20: =IFERROR(AE20/SUM(AE20:AH20),"") -> 0.77777778 | AD20: =IF(SUM(AE20:AH20)=0,"",SUM(AE20:AH20)) -> 9 | AE20: 7 | AF20: 1 | AG20: 1 | AI20: =IFERROR(AK20/SUM(AK20:AN20),"") -> 1 | AJ20: =IF(SUM(AK20:AN20)=0,"",SUM(AK20:AN20)) -> 1 | AK20: 1 | AO20: =SUM(AP20:AT20) -> 2 | AR20: 2 | AU20: =SUM(AV20:BB20) -> 1 | AV20: 1 | BH20: =G20 -> SAMUEL
F21: ='TOTAL TEMPORADA 25-26'!E21 -> 0 | G21: ='TOTAL TEMPORADA 25-26'!F21 -> JUAN | I21: 21 | L21: =1.5*R21+Y21+0.5*AE21+AK21+AO21-0.5*S21-0.5*T21-0.5*U21-0.5*V21-Z21-AA21-AB21-1.5*AF21-1.5*AG21-1.5*AH21-1.5*AL21-1.5*AM21-1.5*AN21-AU21-BD21-BE21-BF21-BG21 -> 0 | M21: =IFERROR(O21/N21,"") | N21: =SUM(R21:V21)+SUM(AE21:AH21)+SUM(AK21:AN21)+SUM(Y21:AB21) -> 0 | O21: =R21+AE21+AK21+Y21 -> 0 | P21: =IFERROR(R21/SUM(R21:V21),"") | Q21: =IF(SUM(R21:V21)=0,"",SUM(R21:V21)) | W21: =IFERROR(Y21/SUM(Y21:AB21),"") | X21: =IF(SUM(Y21:AB21)=0,"",SUM(Y21:AB21)) | AC21: =IFERROR(AE21/SUM(AE21:AH21),"") | AD21: =IF(SUM(AE21:AH21)=0,"",SUM(AE21:AH21)) | AI21: =IFERROR(AK21/SUM(AK21:AN21),"") | AJ21: =IF(SUM(AK21:AN21)=0,"",SUM(AK21:AN21)) | AO21: =SUM(AP21:AT21) -> 0 | AU21: =SUM(AV21:BB21) -> 0 | BH21: =G21 -> JUAN
F22: ='TOTAL TEMPORADA 25-26'!E22 -> 0 | G22: ='TOTAL TEMPORADA 25-26'!F22 -> NICO | I22: 18 | L22: =1.5*R22+Y22+0.5*AE22+AK22+AO22-0.5*S22-0.5*T22-0.5*U22-0.5*V22-Z22-AA22-AB22-1.5*AF22-1.5*AG22-1.5*AH22-1.5*AL22-1.5*AM22-1.5*AN22-AU22-BD22-BE22-BF22-BG22 -> 0 | M22: =IFERROR(O22/N22,"") | N22: =SUM(R22:V22)+SUM(AE22:AH22)+SUM(AK22:AN22)+SUM(Y22:AB22) -> 0 | O22: =R22+AE22+AK22+Y22 -> 0 | P22: =IFERROR(R22/SUM(R22:V22),"") | Q22: =IF(SUM(R22:V22)=0,"",SUM(R22:V22)) | W22: =IFERROR(Y22/SUM(Y22:AB22),"") | X22: =IF(SUM(Y22:AB22)=0,"",SUM(Y22:AB22)) | AC22: =IFERROR(AE22/SUM(AE22:AH22),"") | AD22: =IF(SUM(AE22:AH22)=0,"",SUM(AE22:AH22)) | AI22: =IFERROR(AK22/SUM(AK22:AN22),"") | AJ22: =IF(SUM(AK22:AN22)=0,"",SUM(AK22:AN22)) | AO22: =SUM(AP22:AT22) -> 0 | AU22: =SUM(AV22:BB22) -> 0 | BH22: =G22 -> NICO
F23: ='TOTAL TEMPORADA 25-26'!E23 -> 0 | G23: ='TOTAL TEMPORADA 25-26'!F23 -> RAUL | I23: 21 | L23: =1.5*R23+Y23+0.5*AE23+AK23+AO23-0.5*S23-0.5*T23-0.5*U23-0.5*V23-Z23-AA23-AB23-1.5*AF23-1.5*AG23-1.5*AH23-1.5*AL23-1.5*AM23-1.5*AN23-AU23-BD23-BE23-BF23-BG23 -> 0 | M23: =IFERROR(O23/N23,"") | N23: =SUM(R23:V23)+SUM(AE23:AH23)+SUM(AK23:AN23)+SUM(Y23:AB23) -> 0 | O23: =R23+AE23+AK23+Y23 -> 0 | P23: =IFERROR(R23/SUM(R23:V23),"") | Q23: =IF(SUM(R23:V23)=0,"",SUM(R23:V23)) | W23: =IFERROR(Y23/SUM(Y23:AB23),"") | X23: =IF(SUM(Y23:AB23)=0,"",SUM(Y23:AB23)) | AC23: =IFERROR(AE23/SUM(AE23:AH23),"") | AD23: =IF(SUM(AE23:AH23)=0,"",SUM(AE23:AH23)) | AI23: =IFERROR(AK23/SUM(AK23:AN23),"") | AJ23: =IF(SUM(AK23:AN23)=0,"",SUM(AK23:AN23)) | AO23: =SUM(AP23:AT23) -> 0 | AU23: =SUM(AV23:BB23) -> 0 | BH23: =G23 -> RAUL
L24: =1.5*R24+Y24+0.5*AE24+AK24+AO24-0.5*S24-0.5*T24-0.5*U24-0.5*V24-Z24-AA24-AB24-1.5*AF24-1.5*AG24-1.5*AH24-1.5*AL24-1.5*AM24-1.5*AN24-AU24-BD24-BE24-BF24-BG24 -> 0 | M24: =IFERROR(O24/N24,"") | N24: =SUM(R24:V24)+SUM(AE24:AH24)+SUM(AK24:AN24)+SUM(Y24:AB24) -> 0 | O24: =R24+AE24+AK24+Y24 -> 0 | P24: =IFERROR(R24/SUM(R24:V24),"") | Q24: =IF(SUM(R24:V24)=0,"",SUM(R24:V24)) | W24: =IFERROR(Y24/SUM(Y24:AB24),"") | X24: =IF(SUM(Y24:AB24)=0,"",SUM(Y24:AB24)) | AC24: =IFERROR(AE24/SUM(AE24:AH24),"") | AD24: =IF(SUM(AE24:AH24)=0,"",SUM(AE24:AH24)) | AI24: =IFERROR(AK24/SUM(AK24:AN24),"") | AJ24: =IF(SUM(AK24:AN24)=0,"",SUM(AK24:AN24)) | AO24: =SUM(AP24:AT24) -> 0 | AU24: =SUM(AV24:BB24) -> 0
F25: TOTAL | I25: =SUM(I10:I24) -> 420 | J25: =SUM(J14:J21)/12 -> 0 | K25: =SUM(K14:K21)/12 -> 0 | L25: =SUM(L10:L24)/12 -> 2.2083333 | M25: =O25/N25 -> 0.79032258 | N25: =SUM(N10:N24) -> 62 | O25: =SUM(O10:O24) -> 49 | P25: =R25/SUM(R25:V25) -> 0.71428571 | Q25: =SUM(R25:V25) -> 7 | R25: =SUM(R10:R24) -> 5 | S25: =SUM(S10:S24) -> 2 | T25: =SUM(T10:T24) -> 0 | U25: =SUM(U10:U24) -> 0 | V25: =SUM(V10:V24) -> 0 | W25: =Y25/SUM(Y25:AB25) -> 0.71428571 | X25: =SUM(Y25:AB25) -> 14 | Y25: =SUM(Y10:Y24) -> 10 | Z25: =SUM(Z10:Z24) -> 3 | AA25: =SUM(AA10:AA24) -> 0 | AB25: =SUM(AB10:AB24) -> 1 | AC25: =AE25/SUM(AE25:AH25) -> 0.83783784 | AD25: =SUM(AE25:AH25) -> 37 | AE25: =SUM(AE10:AE24) -> 31 | AF25: =SUM(AF10:AF24) -> 2 | AG25: =SUM(AG10:AG24) -> 3 | AH25: =SUM(AH10:AH24) -> 1 | AI25: =AK25/SUM(AK25:AN25) -> 0.75 | AJ25: =SUM(AK25:AN25) -> 4 | AK25: =SUM(AK10:AK24) -> 3 | AL25: =SUM(AL10:AL24) -> 0 | AM25: =SUM(AM10:AM24) -> 0 | AN25: =SUM(AN10:AN24) -> 1 | AO25: =SUM(AO10:AO24) -> 11 | AP25: =SUM(AP10:AP24) -> 0 | AQ25: =SUM(AQ10:AQ24) -> 0 | AR25: =SUM(AR10:AR24) -> 9 | ... BE25: =SUM(BE10:BE24) -> 0
P28: ACUMULADO ZONAS DE LANZAMIENTO POR PORTERO TOTAL AÑO
P29: Extr | R29: 6 m | T29: 9 m | V29: 7 m | X29: PENETRACION
J31: RAUL | S31: GOLES | AJ31: PARADAS
J32: V.C.
T33: D | Y33: I | AA33: =U34+V34+X34+U35+V35+X35+U36+V36+X36 -> 10 | AK33: D | AP33: I | AR33: =AL34+AM34+AO34+AL35+AM35+AO35+AL36+AM36+AO36 -> 3
J34: TOTAL ACUMULADO | U34: 1 | V34: 1 | X34: 1 | AA34: =P37+Q40+R43+S40+T46+U43+Y43+Y40+Z37+AA40+V41+U37 -> 10 | AR34: =AG37+AH40+AI43+AJ40+AK46+AL43+AP40+AP43+AQ37+AR40+AM41+AL37 -> 6
J35: LANZAMIENTOS | M35: =P37+Q40+S40+R43+U43+T46+Z37+AA40+Y40+Y43+AG37+AH40+AI43+AJ40+AK46+AL43+AP43+AP40+AR40+AQ37+V41+AM41+U37+AL37 -> 16 | U35: 1 | X35: 2 | AM35: 1 | AO35: 1
J36: GOLES | M36: =U34+V34+X34+U35+V35+X35+U36+V36+X36 -> 10 | U36: 2 | V36: 1 | X36: 1 | AO36: 1
J37: PARADAS | M37: =AL34+AM34+AO34+AL35+AM35+AO35+AL36+AM36+AO36 -> 3 | R37: =P37/M35 -> 0 | U37: 3 | W37: =U37/$M$35 -> 0.1875 | Z37: 2 | AB37: =Z37/M35 -> 0.125 | AI37: =AG37/M35 -> 0 | AN37: =AL37/$M$35 -> 0 | AQ37: 2 | AS37: =AQ37/M35 -> 0.125
J38: PORCENTAJE | M38: =M37/M35 -> 0.1875
J39: 6 M | M39: =(S40+U43+Y40+AJ40+AL43+AP40)/M35 -> 0.4375
J40: 9 M | M40: =(+Q40+R43+T46+Y43+AA40+AH40+AI43+AK46+AP43+AR40)/M35 -> 0 | R40: =Q40/M35 -> 0 | T40: =S40/M35 -> 0 | Y40: 1 | Z40: =Y40/M35 -> 0.0625 | AB40: =AA40/M35 -> 0 | AI40: =AH40/M35 -> 0 | AK40: =AJ40/M35 -> 0 | AQ40: =AP40/M35 -> 0 | AS40: =AR40/M35 -> 0
J41: PENETRACION | M41: =(U37+AL37)/M35 -> 0.1875 | V41: 2
J42: EXTREMOS | M42: =(P37+Z37+AG37+AQ37)/M35 -> 0.25 | V42: =V41/M35 -> 0.125 | AM42: =AM41/M35 -> 0
I43: =SUM(M39:N43) -> 1 | J43: PENALTIS | M43: =(V41+AM41)/M35 -> 0.125 | S43: =R43/M35 -> 0 | U43: 2 | W43: =U43/M35 -> 0.125 | AA43: =Y43/M35 -> 0 | AJ43: =AI43/M35 -> 0 | AL43: 4 | AN43: =AL43/M35 -> 0.25 | AR43: =AP43/M35 -> 0
W46: =T46/M35 -> 0 | AN46: =AK46/M35 -> 0
J52: NICO | S52: GOLES | AJ52: PARADAS
J53: V.C.
J55: TOTAL ACUMULADO | T55: D | Y55: I | AA55: =U56+V56+X56+U57+V57+X57+U58+V58+X58 -> 8 | AK55: D | AP55: I | AR55: =AL56+AM56+AO56+AL57+AM57+AO57+AL58+AM58+AO58 -> 6
J56: LANZAMIENTOS | M56: =P59+Q62+S62+R65+U65+T68+V63+Y65+Y62+AA62+Z59+AG59+AH62+AJ62+AI65+AL65+AK68+AP65+AP62+AQ59+AR62+AM63+U59+AL59 -> 15 | U56: 1 | V56: 2 | AA56: =P59+Q62+S62+R65+U65+T68+V63+U59+Z59+Y62+Y65+AA62 -> 8 | AM56: 1 | AR56: =AG59+AH62+AJ62+AI65+AK68+AL65+AM63+AP65+AP62+AR62+AQ59+AL59 -> 7
J57: GOLES | M57: =U56+V56+X56+U57+V57+X57+U58+V58+X58 -> 8 | U57: 1 | AL57: 1 | AM57: 1
J58: PARADAS | M58: =AL56+AM56+AO56+AL57+AM57+AO57+AL58+AM58+AO58 -> 6 | U58: 2 | V58: 1 | X58: 1 | AL58: 1 | AM58: 2
J59: PORCENTAJE | M59: =M58/M56 -> 0.4 | R59: =P59/M57 -> 0 | U59: 2 | W59: =U59/$M$35 -> 0.125 | Z59: 3 | AB59: =Z59/M57 -> 0.375 | AI59: =AG59/M57 -> 0 | AL59: 1 | AN59: =AL59/$M$35 -> 0.0625 | AS59: =AQ59/M57 -> 0
J60: 6 M | M60: =(S62+U65+Y62+AJ62+AL65+AP62)/M56 -> 0.46666667
J61: 9 M | M61: =(Q62+R65+T68+Y65+AA62+AH62+AI65+AK68+AP65+AR62)/M56 -> 0
J62: PENETRACION | M62: =(U59+AL59)/M56 -> 0.2 | R62: =Q62/M57 -> 0 | T62: =S62/M57 -> 0 | Z62: =Y62/M57 -> 0 | AB62: =AA62/M57 -> 0 | AI62: =AH62/M57 -> 0 | AK62: =AJ62/M57 -> 0 | AQ62: =AP62/M57 -> 0 | AS62: =AR62/M57 -> 0
J63: EXTREMOS | M63: =(P59+Z59+AG59+AQ59)/M56 -> 0.2 | V63: 1 | AM63: 1
I64: =SUM(M60:N64) -> 1 | J64: 7 M | M64: =(V63+AM63)/M56 -> 0.13333333 | V64: =V63/M57 -> 0.125 | AM64: =AM63/M57 -> 0.125
S65: =R65/M57 -> 0 | U65: 2 | W65: =U65/M57 -> 0.25 | AA65: =Y65/M57 -> 0 | AJ65: =AI65/M57 -> 0 | AL65: 5 | AN65: =AL65/M57 -> 0.625 | AR65: =AP65/M57 -> 0
W68: =T68/M57 -> 0 | AN68: =AK68/M57 -> 0
J72: JUAN | S72: GOLES | AJ72: PARADAS
J73: V.C.
J75: TOTAL ACUMULADO | T75: D | Y75: I | AA75: =U76+V76+X76+U77+V77+X77+U78+V78+X78 -> 8 | AK75: D | AP75: I | AR75: =AL76+AM76+AO76+AL77+AM77+AO77+AL78+AM78+AO78 -> 7
J76: LANZAMIENTOS | M76: =P79+Q82+S82+R85+U85+T88+V83+Y85+Y82+AA82+Z79+AG79+AH82+AJ82+AI85+AL85+AK88+AP85+AP82+AQ79+AR82+AM83+U79+AL79 -> 16 | U76: 1 | V76: 1 | X76: 1 | AA76: =P79+Q82+S82+R85+U85+T88+V83+U79+Z79+Y82+Y85+AA82 -> 8 | AM76: 4 | AR76: =AG79+AH82+AJ82+AI85+AK88+AL85+AM83+AP85+AP82+AR82+AQ79+AL79 -> 8
J77: GOLES | M77: =U76+V76+X76+U77+V77+X77+U78+V78+X78 -> 8 | U77: 1 | X77: 1 | AM77: 3
J78: PARADAS | M78: =AL76+AM76+AO76+AL77+AM77+AO77+AL78+AM78+AO78 -> 7 | U78: 1 | V78: 1 | X78: 1
J79: PORCENTAJE | M79: =M78/M76 -> 0.4375 | R79: =P79/M77 -> 0 | U79: 2 | W79: =U79/$M$35 -> 0.125 | Z79: 2 | AB79: =Z79/M77 -> 0.25 | AI79: =AG79/M77 -> 0 | AL79: 1 | AN79: =AL79/$M$35 -> 0.0625 | AS79: =AQ79/M77 -> 0
J80: 6 M | M80: =(S82+U85+Y82+AJ82+AL85+AP82)/M76 -> 0.5625
J81: 9 M | M81: =(Q82+R85+T88+Y85+AA82+AH82+AI85+AK88+AP85+AR82)/M76 -> 0
J82: PENETRACION | M82: =(U79+AL79)/M76 -> 0.1875 | R82: =Q82/M77 -> 0 | T82: =S82/M77 -> 0 | Z82: =Y82/M77 -> 0 | AB82: =AA82/M77 -> 0 | AI82: =AH82/M77 -> 0 | AK82: =AJ82/M77 -> 0 | AQ82: =AP82/M77 -> 0 | AS82: =AR82/M77 -> 0
J83: EXTREMOS | M83: =(P79+Z79+AG79+AQ79)/M76 -> 0.125 | V83: 1 | AM83: 1
I84: =SUM(M80:N84) -> 1 | J84: 7 M | M84: =(V83+AM83)/M76 -> 0.125 | V84: =V83/M77 -> 0.125 | AM84: =AM83/M77 -> 0.125
S85: =R85/M77 -> 0 | U85: 3 | W85: =U85/M77 -> 0.375 | AA85: =Y85/M77 -> 0 | AJ85: =AI85/M77 -> 0 | AL85: 6 | AN85: =AL85/M77 -> 0.75 | AR85: =AP85/M77 -> 0
W88: =T88/M77 -> 0 | AN88: =AK88/M77 -> 0
J94: TOTAL PORTERÍA | S94: GOLES | AJ94: PARADAS
J97: TOTAL ACUMULADO | T97: D | Y97: I | AA97: =U98+V98+X98+U99+V99+X99+U100+V100+X100 -> 26 | AK97: D | AP97: I | AR97: =AL98+AM98+AO98+AL99+AM99+AO99+AL100+AM100+AO100 -> 16
J98: LANZAMIENTOS | M98: =P101+Q104+S104+R107+U107+T110+V105+Y107+Y104+AA104+Z101+AG101+AH104+AI107+AJ104+AK110+AL107+AM105+AP107+AP104+AQ101+U101+AL101 -> 47 | U98: =U56+U34+U76 -> 3 | V98: =V56+V34+V76 -> 4 | W98: =W56+W34+W76 -> 0 | X98: =X56+X34+X76 -> 2 | AA98: =P101+Q104+R107+S104+T110+U107+V105+U101+Y107+Y104+AA104+Z101 -> 26 | AL98: =AL56+AL34+AL76 -> 0 | AM98: =AM56+AM34+AM76 -> 5 | AN98: =AN56+AN34+AN76 -> 0 | AO98: =AO56+AO34+AO76 -> 0 | AR98: =AG101+AH104+AI107+AJ104+AK110+AL107+AM105+AL101+AP107+AP104+AR104+AQ101 -> 21
J99: GOLES | M99: =U98+V98+X98+U99+V99+X99+U100+V100+X100 -> 26 | U99: =U57+U35+U77 -> 3 | V99: =V57+V35+V77 -> 0 | W99: =W57+W35+W77 -> 0 | X99: =X57+X35+X77 -> 3 | AL99: =AL57+AL35+AL77 -> 1 | AM99: =AM57+AM35+AM77 -> 5 | AN99: =AN57+AN35+AN77 -> 0 | AO99: =AO57+AO35+AO77 -> 1
J100: PARADAS | M100: =AL98+AM98+AO98+AL99+AM99+AO99+AL100+AM100+AO100 -> 16 | U100: =U58+U36+U78 -> 5 | V100: =V58+V36+V78 -> 3 | W100: =W58+W36+W78 -> 0 | X100: =X58+X36+X78 -> 3 | AL100: =AL58+AL36+AL78 -> 1 | AM100: =AM58+AM36+AM78 -> 2 | AN100: =AN58+AN36+AN78 -> 0 | AO100: =AO58+AO36+AO78 -> 1
J101: PORCENTAJE | M101: =M100/M98 -> 0.34042553 | P101: =P59+P37+P79 -> 0 | Q101: =Q59+Q37+Q79 -> 0 | R101: =P101/$M$98 -> 0 | U101: =U59+U37+U79 -> 7 | V101: =V59+V37+V79 -> 0 | W101: =U101/$M$35 -> 0.4375 | Z101: =Z59+Z37+Z79 -> 7 | AA101: =AA59+AA37+AA79 -> 0 | AB101: =Z101/$M$98 -> 0.14893617 | AG101: =AG59+AG37+AG79 -> 0 | AH101: =AH59+AH37+AH79 -> 0 | AI101: =AG101/$M$98 -> 0 | AL101: =AL59+AL37+AL79 -> 2 | AM101: =AM59+AM37+AM79 -> 0 | AN101: =AL101/$M$35 -> 0.125 | AQ101: =AQ59+AQ37+AQ79 -> 2 | AR101: =AR59+AR37+AR79 -> 0 | AS101: =AQ101/$M$98 -> 0.042553191
J102: 6 M | M102: =(S104+U107+Y104+AJ104+AL107+AP104)/M98 -> 0.4893617 | P102: =P60+P38+P80 -> 0 | Q102: =Q60+Q38+Q80 -> 0 | U102: =U60+U38+U80 -> 0 | V102: =V60+V38+V80 -> 0 | Z102: =Z60+Z38+Z80 -> 0 | AA102: =AA60+AA38+AA80 -> 0 | AG102: =AG60+AG38+AG80 -> 0 | AH102: =AH60+AH38+AH80 -> 0 | AL102: =AL60+AL38+AL80 -> 0 | AM102: =AM60+AM38+AM80 -> 0 | AQ102: =AQ60+AQ38+AQ80 -> 0 | AR102: =AR60+AR38+AR80 -> 0
J103: 9 M | M103: =(Q104+R107+T110+Y107+AA104+AH104+AI107+AK110+AP107+AR104)/M98 -> 0 | P103: =P61+P39+P81 -> 0 | Q103: =Q61+Q39+Q81 -> 0 | U103: =U61+U39+U81 -> 0 | V103: =V61+V39+V81 -> 0 | Z103: =Z61+Z39+Z81 -> 0 | AA103: =AA61+AA39+AA81 -> 0 | AG103: =AG61+AG39+AG81 -> 0 | AH103: =AH61+AH39+AH81 -> 0 | AL103: =AL61+AL39+AL81 -> 0 | AM103: =AM61+AM39+AM81 -> 0 | AQ103: =AQ61+AQ39+AQ81 -> 0 | AR103: =AR61+AR39+AR81 -> 0
J104: PENETRACION | M104: =(U101+AL101)/M98 -> 0.19148936 | Q104: =Q62+Q40+Q82 -> 0 | R104: =R62+R40+R82 -> 0 | S104: =S62+S40+S82 -> 0 | T104: =T62+T40+T82 -> 0 | Y104: =Y62+Y40+Y82 -> 1 | Z104: =Z62+Z40+Z82 -> 0.0625 | AA104: =AA62+AA40+AA82 -> 0 | AB104: =AB62+AB40+AB82 -> 0 | AH104: =AH62+AH40+AH82 -> 0 | AI104: =AI62+AI40+AI82 -> 0 | AJ104: =AJ62+AJ40+AJ82 -> 0 | AK104: =AK62+AK40+AK82 -> 0 | AP104: =AP62+AP40+AP82 -> 0 | AQ104: =AQ62+AQ40+AQ82 -> 0 | AR104: =AR62+AR40+AR82 -> 0 | AS104: =AS62+AS40+AS82 -> 0
J105: EXTREMOS | M105: =(P101+Z101+AG101+AQ101)/M98 -> 0.19148936 | Q105: =Q63+Q41+Q83 -> 0 | R105: =R63+R41+R83 -> 0 | S105: =S63+S41+S83 -> 0 | T105: =T63+T41+T83 -> 0 | V105: =V63+V41+V83 -> 4 | Y105: =Y63+Y41+Y83 -> 0 | Z105: =Z63+Z41+Z83 -> 0 | AA105: =AA63+AA41+AA83 -> 0 | AB105: =AB63+AB41+AB83 -> 0 | AH105: =AH63+AH41+AH83 -> 0 | AI105: =AI63+AI41+AI83 -> 0 | AJ105: =AJ63+AJ41+AJ83 -> 0 | AK105: =AK63+AK41+AK83 -> 0 | AM105: =AM63+AM41+AM83 -> 2 | AP105: =AP63+AP41+AP83 -> 0 | AQ105: =AQ63+AQ41+AQ83 -> 0 | AR105: =AR63+AR41+AR83 -> 0 | AS105: =AS63+AS41+AS83 -> 0
J106: 7 M | M106: =(V105+AM105)/M98 -> 0.12765957 | Q106: =Q64+Q42+Q84 -> 0 | R106: =R64+R42+R84 -> 0 | S106: =S64+S42+S84 -> 0 | T106: =T64+T42+T84 -> 0 | V106: =V105/$M$98 -> 0.085106383 | Y106: =Y64+Y42+Y84 -> 0 | Z106: =Z64+Z42+Z84 -> 0 | AA106: =AA64+AA42+AA84 -> 0 | AB106: =AB64+AB42+AB84 -> 0 | AH106: =AH64+AH42+AH84 -> 0 | AI106: =AI64+AI42+AI84 -> 0 | AJ106: =AJ64+AJ42+AJ84 -> 0 | AK106: =AK64+AK42+AK84 -> 0 | AM106: =AM105/$M$98 -> 0.042553191 | AP106: =AP64+AP42+AP84 -> 0 | AQ106: =AQ64+AQ42+AQ84 -> 0 | AR106: =AR64+AR42+AR84 -> 0 | AS106: =AS64+AS42+AS84 -> 0
R107: =R65+R43+R85 -> 0 | S107: =R107/$M$98 -> 0 | U107: =U65+U43+U85 -> 7 | V107: =V65+V43+V85 -> 0 | W107: =U107/$M$98 -> 0.14893617 | Y107: =Y65+Y43+Y85 -> 0 | Z107: =Z65+Z43+Z85 -> 0 | AA107: =Y107/$M$98 -> 0 | AI107: =AI65+AI43+AI85 -> 0 | AJ107: =AI107/$M$98 -> 0 | AL107: =AL65+AL43+AL85 -> 15 | AM107: =AM65+AM43+AM85 -> 0 | AN107: =AL107/$M$98 -> 0.31914894 | AP107: =AP65+AP43+AP85 -> 0 | AQ107: =AQ65+AQ43+AQ85 -> 0 | AR107: =AP107/$M$98 -> 0
R108: =R66+R44+R86 -> 0 | U108: =U66+U44+U86 -> 0 | V108: =V66+V44+V86 -> 0 | Y108: =Y66+Y44+Y86 -> 0 | Z108: =Z66+Z44+Z86 -> 0 | AI108: =AI66+AI44+AI86 -> 0 | AL108: =AL66+AL44+AL86 -> 0 | AM108: =AM66+AM44+AM86 -> 0 | AP108: =AP66+AP44+AP86 -> 0 | AQ108: =AQ66+AQ44+AQ86 -> 0
R109: =R67+R45+R87 -> 0 | U109: =U67+U45+U87 -> 0 | V109: =V67+V45+V87 -> 0 | Y109: =Y67+Y45+Y87 -> 0 | Z109: =Z67+Z45+Z87 -> 0 | AI109: =AI67+AI45+AI87 -> 0 | AL109: =AL67+AL45+AL87 -> 0 | AM109: =AM67+AM45+AM87 -> 0 | AP109: =AP67+AP45+AP87 -> 0 | AQ109: =AQ67+AQ45+AQ87 -> 0
T110: =T68+T46+T88 -> 0 | U110: =U68+U46+U88 -> 0 | V110: =V68+V46+V88 -> 0 | W110: =T110/$M$98 -> 0 | AK110: =AK68+AK46+AK88 -> 0 | AL110: =AL68+AL46+AL88 -> 0 | AM110: =AM68+AM46+AM88 -> 0 | AN110: =AK110/$M$98 -> 0
T111: =T69+T47+T89 -> 0 | U111: =U69+U47+U89 -> 0 | V111: =V69+V47+V89 -> 0 | AK111: =AK69+AK47+AK89 -> 0 | AL111: =AL69+AL47+AL89 -> 0 | AM111: =AM69+AM47+AM89 -> 0
T112: =T70+T48+T90 -> 0 | U112: =U70+U48+U90 -> 0 | V112: =V70+V48+V90 -> 0 | AK112: =AK70+AK48+AK90 -> 0 | AL112: =AL70+AL48+AL90 -> 0 | AM112: =AM70+AM48+AM90 -> 0
J117: DATOS OPONENTE
Q119: LANZAMIENTOS TOTAL | AO119: LANZAMIENTOS FUERA
D120: LANZ. TOTALES | G120: =M98+AE120 -> 47 | AB120: LANZ. FUERA | AE120: =AV159+AW162+AY162+AX165+BA165+BB163+AZ168+BE165+BE162+BG162+BF159 -> 0 | AG120: =AE120/G120 -> 0
L121: =I123 -> 0 | Q121: =I132 -> 0.46808511 | V121: =I124 -> 0.19148936 | AJ121: =AG123 -> 0 | AO121: =AG133 -> 0 | AT121: =AG124 -> 0
B122: =AE138+BB138 -> 42 | C122: =AE138+BB138+AE120 -> 42 | D122: EXTREMOS | G122: =P101+Z101+AG101+AQ101+AV159+BF159 -> 9 | I122: =G122/$G$120 -> 0.19148936 | AB122: EXTREMOS | AE122: =AV159+BF159 -> 0 | AG122: =AE122/$G$120 -> 0
B123: =AG138+BD138 -> 0.89361702 | C123: =AG120+I138 -> 0.89361702 | D123: EXTREMO IZQ | G123: =P101+AG101+AV159 -> 0 | I123: =G123/$G$120 -> 0 | AB123: EXTREMO IZQ | AE123: =AV159 -> 0 | AG123: =AE123/$G$120 -> 0
D124: EXTREMO DCH | G124: =Z101+AQ101+BF159 -> 9 | I124: =G124/$G$120 -> 0.19148936 | O124: =I130 -> 0 | U124: =I131 -> 0.021276596 | AB124: EXTREMO DCH | AE124: =BF159 -> 0 | AG124: =AE124/$G$120 -> 0 | AM124: =AG130 -> 0 | AS124: =AG131 -> 0
D125: 9 M | G125: =Q104+R107+T110+Y107+AA104+AH104+AI107+AK110+AP107+AR104+AW162+AX165+AZ168+BE165+BG162 -> 0 | I125: =G125/$G$120 -> 0 | R125: =I134 -> 0.12765957 | AB125: 9 M | AE125: =AW162+AX165+AZ168+BE165+BG162 -> 0 | AG125: =AE125/$G$120 -> 0 | AP125: =AG134 -> 0
D126: 9 M IZQ | G126: =Q104+R107+AH104+AI107+AW162+AX165 -> 0 | I126: =G126/$G$120 -> 0 | AB126: 9 M IZQ | AE126: =AW162+AX165 -> 0 | AG126: =AE126/$G$120 -> 0
D127: 9 M DCH | G127: =AA104+Y107+AR104+AP107+BG162+BE165 -> 0 | I127: =G127/$G$120 -> 0 | N127: =I126 -> 0 | Q127: =I132 -> 0.46808511 | U127: =I127 -> 0 | AB127: 9 M DCH | AE127: =BG162+BE165 -> 0 | AG127: =AE127/$G$120 -> 0 | AL127: =AG126 -> 0 | AO127: =AG132 -> 0 | AS127: =AG127 -> 0
D128: 9 M CENTRO | G128: =T110+AK110+AZ168 -> 0 | I128: =G128/$G$120 -> 0 | AB128: 9 M CENTRO | AE128: =AZ168 -> 0 | AG128: =AE128/$G$120 -> 0
D129: 6 M | G129: =S104+U107+Y104+AJ104+AL107+AP104+AY162+BA165+BE162 -> 23 | I129: =G129/$G$120 -> 0.4893617 | AB129: 6 M | AE129: =AY162+BA165+BE162 -> 0 | AG129: =AE129/$G$120 -> 0
D130: 6 M IZQ | G130: =S104+AJ104+AY162 -> 0 | I130: =G130/$G$120 -> 0 | P130: =I128 -> 0 | AB130: 6 M IZQ | AE130: =AY162 -> 0 | AG130: =AE130/$G$120 -> 0 | AN130: =AG128 -> 0
D131: 6 M DCH | G131: =Y104+AP104+BE162 -> 1 | I131: =G131/$G$120 -> 0.021276596 | AB131: 6 M DCH | AE131: =BE162 -> 0 | AG131: =AE131/$G$120 -> 0
D132: 6 CENTRO | G132: =U107+AL107+BA165 -> 22 | I132: =G132/$G$120 -> 0.46808511 | AB132: 6 CENTRO | AE132: =BA165 -> 0 | AG132: =AE132/$G$120 -> 0
D133: PENETRACION | G133: =U101+AL101 -> 9 | I133: =G133/$G$120 -> 0.19148936 | AB133: PENETRACION | AE133: =BA159 -> 0 | AG133: =AE133/$G$120 -> 0
...

Sheet J2
B2: JORNADA: | C2: 2
B3: RESULTADO:
B4: 22 | C4: GUADALAJARA | D4: 45
B5: 18 | C5: VILLAFRANCA | D5: 32
F7: JUGADORES | M7: LANZAMIENTOS | AO7: VALORACIÓN POSITVIA | AV7: VALORACION NEGATIVA | BC7: SANCIONES DISCIPLINARIAS
F8: Dorsal | G8: Nombre | H8: Posición | I8: Tiempo Jugado | J8: Valoracion Cualitativa | L8: Valoración Cuantitativa | M8: TOTAL | P8: 9 metros | W8: Extremo | AC8: 6 metros/Ctq | AI8: 7 metros | AO8: POSITIVO | AP8: Asistencia/. Bloqueo | AQ8: Fuerza 7M/2' | AR8: Recupera | AS8: Buena DEF | AT8: Blocaje | AU8: NEGATIVO | AV8: PASE | AW8: RECEPCION | AX8: PASOS | AY8: DOBLES | AZ8: PISAR | BA8: F. ATAQUE | BB8: FALLO DEF. | BC8: A | BD8: 2' | BE8: 2' | BF8: Ex. | BG8: D.
J9: Defensa | K9: Ataque | M9: % | N9: Lanz. | O9: Gol | P9: % | Q9: Lanz | R9: Gol | S9: Para | T9: Poste | U9: Fuera | V9: Bloq | W9: % | X9: Lanz | Y9: Gol | Z9: Parada | AA9: Poste | AB9: Fuera | AC9: % | AD9: Lanz | AE9: Gol | AF9: Parada | AG9: Poste | AH9: Fuera | AI9: % | AJ9: Lanz | AK9: Gol | AL9: Para | AM9: Poste | AN9: Fuera
F10: ='TOTAL TEMPORADA 25-26'!E10 -> 0 | G10: ='TOTAL TEMPORADA 25-26'!F10 -> ALEJO | I10: 27 | L10: =1.5*R10+Y10+0.5*AE10+AK10+AO10-0.5*S10-0.5*T10-0.5*U10-0.5*V10-Z10-AA10-AB10-1.5*AF10-1.5*AG10-1.5*AH10-1.5*AL10-1.5*AM10-1.5*AN10-AU10-BD10-BE10-BF10-BG10 -> 2 | M10: =IFERROR(O10/N10,"") -> 0.6 | N10: =SUM(R10:V10)+SUM(AE10:AH10)+SUM(AK10:AN10)+SUM(Y10:AB10) -> 10 | O10: =R10+AE10+AK10+Y10 -> 6 | P10: =IFERROR(R10/SUM(R10:V10),"") -> 0.66666667 | Q10: =IF(SUM(R10:V10)=0,"",SUM(R10:V10)) -> 3 | R10: 2 | U10: 1 | W10: =IFERROR(Y10/SUM(Y10:AB10),"") | X10: =IF(SUM(Y10:AB10)=0,"",SUM(Y10:AB10)) | AC10: =IFERROR(AE10/SUM(AE10:AH10),"") -> 0.57142857 | AD10: =IF(SUM(AE10:AH10)=0,"",SUM(AE10:AH10)) -> 7 | AE10: 4 | AF10: 1 | AH10: 2 | AI10: =IFERROR(AK10/SUM(AK10:AN10),"") | AJ10: =IF(SUM(AK10:AN10)=0,"",SUM(AK10:AN10)) | AO10: =SUM(AP10:AT10) -> 2 | AR10: 1 | AT10: 1 | AU10: =SUM(AV10:BB10) -> 0 | BH10: =G10 -> ALEJO
F11: ='TOTAL TEMPORADA 25-26'!E11 -> 0 | G11: ='TOTAL TEMPORADA 25-26'!F11 -> CHRISTIAN | I11: 0 | L11: =1.5*R11+Y11+0.5*AE11+AK11+AO11-0.5*S11-0.5*T11-0.5*U11-0.5*V11-Z11-AA11-AB11-1.5*AF11-1.5*AG11-1.5*AH11-1.5*AL11-1.5*AM11-1.5*AN11-AU11-BD11-BE11-BF11-BG11 -> 0 | M11: =IFERROR(O11/N11,"") | N11: =SUM(R11:V11)+SUM(AE11:AH11)+SUM(AK11:AN11)+SUM(Y11:AB11) -> 0 | O11: =R11+AE11+AK11+Y11 -> 0 | P11: =IFERROR(R11/SUM(R11:V11),"") | Q11: =IF(SUM(R11:V11)=0,"",SUM(R11:V11)) | W11: =IFERROR(Y11/SUM(Y11:AB11),"") | X11: =IF(SUM(Y11:AB11)=0,"",SUM(Y11:AB11)) | AC11: =IFERROR(AE11/SUM(AE11:AH11),"") | AD11: =IF(SUM(AE11:AH11)=0,"",SUM(AE11:AH11)) | AI11: =IFERROR(AK11/SUM(AK11:AN11),"") | AJ11: =IF(SUM(AK11:AN11)=0,"",SUM(AK11:AN11)) | AO11: =SUM(AP11:AT11) -> 0 | AU11: =SUM(AV11:BB11) -> 0 | BH11: =G11 -> CHRISTIAN
